Komentar_Asli,Komentar_Bersih
"Salam, Ibu Cita.
Izin share ke mahasiswa keguruan, ya.
Sukses dan selalu menginspirasi bu.",salam ibu cita izin share mahasiswa guru sukses selalu inspirasi bu
ibu berikan informasi data berupa angka/ bukan angka tentang AI bu. untuk tugas🙏🏻,ibu ikan informasi data upa angka bukan angka ai bu tugas
pendidikan berbasis Ai memang sangat membantu tp tidak semua permasalahan harus menggunakan media Ai,didik bas ai memang sangat bantu tp semua masalah guna media ai
Bagaimana jika kedepan anak anak ketergantungan AI sehingga cara berfikir dia jadi instan dan tidak akan dapat menguraikan penjelasan tanpa menggunakan AI?,bagaimana depan anak anak gantung ai cara berfikir jadi instan urai jelas guna ai
saya belum bisa penggunaan ai,guna ai
bagussss tapi sya bisa meta ai sj,bagussss sya meta ai sj
"Sebagai pembanding saja, tidak menjadi rujukan satu satu nya",banding jadi rujuk satu satu nya
"Bagi gua boleh boleh aja, sepengalaman saya menggunakan Gemini

Saya gunakan dan nyiptain soal palsu di mtk, yang kemudian setelah saya buat soal palsu, saya minta ajarin dan setelah saya mendapatkan cara pengerjaan beserta jawabannya maka saya mengerti bagaimana caranya dan kemudian saya menjawab soal asli tersebut ke dalam tugas saya",gua alam guna gemini guna nyiptain soal palsu mtk kemudian soal palsu minta ajarin dapat cara kerja serta jawab erti bagaimana cara kemudian jawab soal asli sebut tugas
AI hanya membantu kita meningkatkan produktifitas. Bukan mengganti manusia. Terimakasih 👍,ai bantu tingkat produktifitas bukan ganti manusia terimakasih
Tetap harus memahami etika pemanfaatan teknologi juga 😊,tetap paham etika manfaat teknologi
"Yap betul, sepakat sekali. AI hanya alat, bisa dimanfaatkan sesuai kebutuhan 🤗",yap betul sepakat sekali ai alat manfaat sesuai butuh
Maka harus dibiasakan dalam beberapa hal mereka tetap mengerjakan dengan cara sendiri. AI bisa dibatasi,biasa beberapa tetap kerja cara sendiri ai batas
"Nanti coba belajar pelan-pelan ya, semangat!",coba ajar pelan pelan semangat
"Betul, tetap harus berpikir kritis dalam pemanfaatan nya. Jangan sampai ketergantungan sepenuhnya",betul tetap pikir kritis manfaat nya jangan gantung sepenuh
Keahlian apa yang bikin kalian lebih jago daripada AI?,ahli apa bikin kalian lebih jago ai
"Orang² berpikir suatu saat AI bisa saja  mengendalikan manusia. Pendapat itu memang benar. Untuk mencegah itu, maka manusia diharapkan bisa mengendalikan AI dengan memprogram agar AI tdk kelewatan dan membuat algoritma yg sesuai",orang pikir suatu ai kendali manusia dapat memang benar cegah manusia harap kendali ai program ai tdk lewat buat algoritma sesuai
"Dan sekarang terciptalah AI AI yg lbh canggih dari yg dibygkn 3 thn yg lalu. 

Siapa yg baru liat video ini skrg di th 2025?😂☝🏻",sekarang cipta ai ai lbh canggih dibygkn thn lalu siapa baru liat video skrg th
Salah satu Kecerdasan buatan adalah kecerdasan yang ditambahkan kepada suatu sistem yang bisa diatur dalam konteks ilmiah atau bisa disebut juga intelegensi artifisial 😁,salah satu cerdas buat cerdas tambah suatu sistem atur konteks ilmiah sebut intelegensi artifisial
"1. Nama : Muhammad faqih 
2. Kelas : XI MPLB 2 
3. Yang saya rasakan saat menggunakan ai yaitu kita menjadi lebih gampang untung mencari pusat jawaban tersebut,tapi ai bisa bikin kita males jika tidak bijak dalam menggunakan nya.
4. Gpt,Gemini,meta Ai
5. *Positif*: membuat kita mudah mencari relasi seluas luasnya dari ai,dan mempermudah menyelesaikan tugas dengan cepat. *Negatif*: membuat kita jadi males berfikir karena yang apa"" sudah terbiasa dengan ai dan jadi kurang aktif saat pembelajaran karena sudah biasa dengan ai
6. saya akan asah tentang skil,dan saya akan lebih memperlancarkan sistem teknologi di era modern ini,Agar tidak tertinggal oleh ai",nama muhammad faqih kelas xi mplb rasa guna ai jadi lebih gampang untung cari pusat jawab sebut ai bikin males bijak guna nya gpt gemini meta ai positif buat mudah cari relasi luas luas ai mudah selesai tugas cepat negatif buat jadi males berfikir apa biasa ai jadi kurang aktif ajar biasa ai asah skil lebih lancar sistem teknologi era modern tinggal ai
"Kecerdasan pada mesin, berbeda dengan kecerdasan alami pada manusia dan hewan",cerdas mesin beda cerdas alami manusia hewan
"Mau kasih opini sekalian tingalin jejak sedikit hehe...

Banyak yang bilang kalau AI akan menjadi sangat berbahaya dan mungkin bisa mengambil alih kekuasaan manusia, bisa mengganti posisi, kedudukan, bahkan dapat mengambil keputusan yang rumit yang mungkin manusia tidak bisa memecahkan persoalan tersebut.

Tapi coba kita lihat sisi lain dimana AI digunakan oleh manusia justru untuk kepentingan manusia itu sendiri? Dalam hal yang negatif ini bisa merugikan salah satu pihak atau beberapa pihak. Manusia pada hakikatnya adalah superior, tak ingin tersaingi dan ingin diakui. Demi kepentingan, AI bisa dijadikan sebagai alat untuk kepentingan persenjataan (ini hal ngeri banget si).

AI itu pada dasarnya belajar dari semua pengalaman manusia yang ada, berdasarkan data manusia dan tingkah laku sebagai manusia. AI unggul dalam kecepatan memperoleh informasi dibandingkan manusia. Namun AI terbatas pada program yang dibuat kepada dirinya, itu artinya dia tidak dapat melampaui dirinya sendiri (atau dalam hal ini AI tidak punya ruang imajinasi atau kreativitas yang dimiliki manusia) atau hanya patuh pada programnya sendiri.

Mungkin kalau aku bisa bilang, AI itu hanya akan melakukan tindakan berdasarkan program atau perintah yang dibuat oleh manusia. Kuncinya ada di manusianya, yang memberi perintah.

Kemampuan inilah yang spesial bagi manusia, yakni kemampuan memunculkan ide-ide, gagasan-gagasan, kreativitas, penemuan, dan lain sebagainya yang menjadikan manusia spesial dan unggul daripada AI. 

Ketimbang takut sama AI, aku lebih takut sama perilaku manusia kayaknya dehh 🙃

So, daripada insecure dan mikirin hal aneh-aneh tentang AI, sebagai manusia kita mending bersyukur aja karena berkat kemajuan teknologi, manusia bisa jadi bisa lebih berkembang ke arah yang lebih baik lagi.

Oh iya kira-kira AI bisa bersyukur gak yaa?? 🤔",mau kasih opini sekali tingalin jejak sedikit hehe banyak bilang kalau ai jadi sangat bahaya mungkin ambil alih kuasa manusia ganti posisi duduk bahkan ambil putus rumit mungkin manusia pecah soal sebut coba lihat sisi ai guna manusia justru penting manusia sendiri negatif rugi salah satu pihak beberapa pihak manusia hakikat superior tak saing aku penting ai jadi alat penting senjata ngeri banget si ai dasar ajar semua alam manusia dasar data manusia tingkah laku manusia ai unggul cepat oleh informasi banding manusia ai batas program buat diri arti lampau diri sendiri ai punya ruang imajinasi kreativitas milik manusia patuh program sendiri mungkin kalau aku bilang ai laku tindak dasar program perintah buat manusia kunci manusia beri perintah mampu ini spesial manusia mampu muncul ide ide gagas gagas kreativitas temu bagai jadi manusia spesial unggul ai ketimbang takut sama ai aku lebih takut sama perilaku manusia kayak dehh so insecure mikirin aneh aneh ai manusia mending syukur berkat maju teknologi manusia jadi lebih kembang arah lebih baik iya kira kira ai syukur yaa
"2 AI dari Facebook di curigai membuat bahasa baru untuk kedua AI berkomunikasi, dan Facebook sudah mematikan kedua AI tersebut dan membuat yang baru dengan batasan agar tidak berkomunikasi dengan bahasa yang AI ciptakan sendiri. Intinya adalah pada pembuatnya, harus ada batasan sampai mana si AI boleh berkembang sendiri.",ai facebook curiga buat bahasa baru dua ai komunikasi facebook mati dua ai sebut buat baru batas komunikasi bahasa ai cipta sendiri inti buat batas mana si ai kembang sendiri
"kalau di bidang seni, kayak lukisan atau gambar, pasti tetep beda buatan ai sama buatan tangan manusia. Untuk buat lukisan bagus, butuh talent, kreativitas, kerja keras dan teknik, dan itu yang sebenernya dihargain selain lukisannya. Jadi manusia ngga bakal tergeser, lebih buat segmen baru, kayak sesuatu yang ""handmade"" atau artisan pasti terkesan lebih premium dibanding produk buatan pabrik yang diproduksi massal.",kalau bidang seni kayak lukis gambar tetep beda buat ai sama buat tangan manusia lukis bagus butuh talent kreativitas kerja keras teknik sebenernya dihargain lukis jadi manusia ngga bakal geser lebih segmen baru kayak handmade artisan kes lebih premium banding produk buat pabrik produksi massal
"Gak nyangka ya tenaga ahli juga bakalan disaingin sama AI 👀, sumpah wkwkwk canggih bet AI jaman sekarang bisa bikin gambar",nyangka tenaga ahli bakal disaingin sama ai sumpah wkwkwk canggih bet ai jaman sekarang bikin gambar
"Orang²berpikir suatu saat AI bisa saja mengendalikan manusia.pendapat itu memegang bener.untuk mencegah itu,maka manusia diharapkan bisa mengendalikan AI dengan memprongram agar AI tidak kelewatan dan membuat algoritma yang sesuai dalam kebutuhan.",orang pikir suatu ai kendali manusia dapat pegang bener cegah manusia harap kendali ai memprongram ai lewat buat algoritma sesuai butuh
"AI memiliki 1 kelemahan yaitu EMP (ELECTRO MAGNETIC PLUSE)  jadi fungsinya EMP itu untuk merusak semua sistem elektronik mulai dari hp, komputer, robot, kapal perang caggih, mobil terutama mobil listrik, pesawat, helicopter, dan masih banyak lagi. Bahkan menurut saya pertahanan udara yg memakai laser sebagai serangannya itu bisa rusak, jadi intinya mau secanggih apapun teknologi AI pasti juga bisa dihancurkan dengan EMP (tergantung teknologi robot dan kekuatan EMPnya ya)",ai milik lemah emp electro magnetic pluse jadi fungsi emp rusak semua sistem elektronik mulai hp komputer robot kapal perang caggih mobil utama mobil listrik pesawat helicopter banyak bahkan tahan udara pakai laser serang rusak jadi inti mau canggih apa teknologi ai hancur emp gantung teknologi robot kuat empnya
"Walaupun AI tdk serem seperti dalam film, AI catur tetep bikin ketar ketir",walaupun ai tdk rem film ai catur tetep bikin ketar tir
"Asalkan politik dunia tidak ada kekacauan A.I. mungkin akan terwujud, kalau keadaan politik masih kayak sekarang yang masih kubu-kubuan, yah tak akan terwujud dan kita bisa aja dikuasai sama mereka negara² yang superpower",asal politik dunia kacau a i mungkin wujud kalau ada politik kayak sekarang kubu kubu yah tak wujud asai sama negara superpower
Berbohong🗿dan ai gak mungkin punya empati dan perasaan.,bohong ai mungkin punya empati asa
Kehebatan kita dari pada AI adalah perasaan❤,hebat ai asa
Satu nya Hal yang tidak dimiliki AI menurutku sih intuisi 🗿🗿🗿,satu nya milik ai turut sih intuisi
Mempunya simpati kepada mahluk hidup robot mana mungkin bisa kanyak gua 😏,punya simpati mahluk hidup robot mana mungkin kanyak gua
" @framyhikari   Emang robot bisanya kayak gini:
Col* di Komputer, berak di HP, sok asik dan sok tau, rosting orang secara diam diam, gabisa ngaji, merasa paling hebat",framyhikari emang robot bisa kayak gin col komputer berak hp sok asik sok tau rosting orang diam diam gabisa ngaji rasa paling hebat
memainkan perasaan widih robot mana bisa:^,main asa widih robot mana
AI tak dapat memperbaiki dirinya sendiri. Disinilah muncul pekerjaan baru TEKNISI,ai tak baik diri sendiri sin muncul kerja baru teknisi
"Operasi x, feeling psikolog, mencicipi rasa makanan ato chef x, AI itu jg perlu diservice ato diperbaiki",operasi x feeling psikolog cicip rasa makan ato chef x ai jg perlu diservice ato baik
Tetap saja keahlian koruptor Korupsi uang rakyat di Indonesia ga bisa tersaingi oleh AI Manapun.,tetap ahli koruptor korupsi uang rakyat indonesia saing ai mana
Main Geometry Dash UwU,main geometry dash uwu
Hancurkan AI sebelum dia menguasai dunia,hancur ai kuasa dunia
Menjadi pembuat/pengembang AI itu sendiri,jadi buat kembang ai sendiri
Alis naik sebelah min,alis naik belah min
Kita bisa mandi/bersahabat dengan air.AI tidak,mandi sahabat air ai
Nyuci piring soalnya klo robot nyuci kena air duerr,nyuci piring soal klo robot nyuci kena air duerr
Jangan sampai kayak orang jaman  dulusejak ada mesin tenaga kerja manusia yang menggangur dan mereka (para perkerja )menghancurkan mesin mesin yang mencuri perkerjaan mereka sama seperti sekarang,jangan kayak orang jaman dulusejak mesin tenaga kerja manusia menggangur kerja hancur mesin mesin curi kerja sama sekarang
Gampang makan ai jelas kalah atau cepat minum pasti gampang,gampang makan ai jelas kalah cepat minum gampang
Bisa ngerjain tugas matematika,ngerjain tugas matematika
"Bisa menjawab pertanyaan ""kamu bukan robot"":v",jawab tanya kamu bukan robot v
Dimasa depan mungkin ai akan berpadu dengan otak manusia,masa depan mungkin ai padu otak manusia
Keahlianku Mencintai dia sepenuh hati,ahli cinta sepenuh hati
"Pas Ada kipas/udara adem, nempel Bantal.. langsung tidur.. tidak bisa ditiru AI",pas kipas udara adem nempel bantal langsung tidur tiru ai
"Main game + tidur
Mungkin",main game tidur mungkin
"Perasaan lah, nerjemahin perasaan ke dataset untuk pembelajaran ai membutuhkan data yang sangat banyak, lah manusia udah punya petabyte memory di otaknya dan struktur rumit, lah ai baru baru bisa nerapin beberapa neuron, manusia kalau dilatih dan ngebangkitin semua neuron di otaknya, ai kalah telak",asa lah nerjemahin asa dataset ajar ai butuh data sangat banyak lah manusia udah punya petabyte memory otak struktur rumit lah ai baru baru nerapin beberapa neuron manusia kalau latih ngebangkitin semua neuron otak ai kalah telak
Ai gak bisa mimpi di tidurnya 🤣,ai mimpi tidur
membuat AI itu sendiri maybe haha aminnin ajah.,buat ai sendiri maybe haha aminnin ajah
"Programmer 🤣

Karena AI di buat oleh programmer 🤣",programmer ai programmer
Jadi Machine learning engineer atau nggak membuat AI itu sendiri,jadi machine learning engineer buat ai sendiri
Kemampuan berproduksi / berkembang kak sebagai makhluk hidup,mampu produksi kembang kak makhluk hidup
"Ai enggak punya Cipta, Rasa, Karsa. Dan ya, empati..  saya rasa itu yang enggak bisa tergantikan oleh Ai. Oh ya, saya sendiri pernah mencoba chat sama Ai (setidaknya itu claim dari penyedia platform) dan saya saya rasa otak manusia masih jauh diatas Ai. Secara manusia bisa berfikir diatas batas kewajaran. Sedangkan Ai hanya mengikuti protokol semata. Berbanggalah kalian yang sering di cap gokil. Karena Ai tidak pernahh bisa berfilir Gokil.",ai enggak punya cipta rasa karsa empati rasa enggak ganti ai sendiri pernah coba chat sama ai claim sedia platform rasa otak manusia jauh atas ai manusia berfikir atas batas wajar ai ikut protokol semata bangga kalian sering cap gokil ai pernahh berfilir gokil
 @isnan1973  AI juga bisa bang,isnan ai bang
Bikin cerita isekai :v,bikin cerita isekai v
"Bisa berfikir secara operator dan bisa mengontrol ""AI"" + bisa membuat projek ""AI""",berfikir operator kontrol ai buat projek ai
AI ga bisa bermimpi seperti manusia.,ai mimpi manusia
ngak tahu yg lain. kalau saya beradaptasi dan bisa di tempatkan daerah apapun(cuaca panas dan dingin dll),ngak tahu kalau adaptasi tempat daerah apa cuaca panas dingin
Aku bisa makan banyak ai gak bisa kan,aku makan banyak ai kan
Gw bisa ngebedain yg mana kuda yg mana bukan kuda,gw ngebedain mana kuda mana bukan kuda
mencintai yang tidak mencintai kita,cinta cinta
Skill bohong ku lbih cangih dari pada AI,skill bohong ku lbih cangih ai
memanusiakan manusia lain,manusia manusia
Menari? Kalo robot macam AI nari bakal kaku kan... heheh,tari robot macam ai nari bakal kaku kan heheh
Mencintai dia walaupun dia nya tidak😀,cinta walaupun nya
Sebagai groomer pet. Posisi sy aman Ai Ga bakal bisa ngelakuin.. 😅,groomer pet posisi sy aman ai bakal ngelakuin
nyebokin Siswa buang air,nyebokin siswa buang air
Bisa makan mie pakain nasi,makan mie pakain nasi
Main gundu menang banyaj,main gundu menang banyaj
Mukbang ai ngga akan bisa,mukbang ai ngga
Selalu kepo walau masih SD sebap rasa penasaranku itu temenku pasti pasku ceritain penetahuan baruku pasti bingung😅😅😅,selalu kepo sd bap rasa penasaran temenku pas ceritain penetahuan baru bingung
Hobiku sih menggambar tapi aku gak yakin bisa sehebat AI,hobi sih gambar aku yakin hebat ai
"Main Game 24 + 24 + 24 + 24 jam Non stop Wkwk IA Pasti Gak bisa 

Menang trus Wkwk",main game jam non stop wkwk menang trus wkwk
Mencintai orang yang salah,cinta orang salah
Seperti yang Anda katakan kreatifitas manusia lebih baik daripada AI,kata kreatifitas manusia lebih baik ai
Ai gabisa ketiduran :v,ai gabisa tidur v
"Berhasil ngelewatin chaptcha min wkwk

Saya bukan robot✅",hasil ngelewatin chaptcha min wkwk bukan robot
Buat anak wkwkw emang ai bisa hasilin anak wkwk,anak wkwkw emang ai hasilin anak wkwk
Gw punya perasaan gak kaya AI,gw punya asa kaya ai
Ngejawab pertanyaan guru mtk,ngejawab tanya guru mtk
"Kita punya naluri
AI gak punya
Kita bisa masuk surga
AI gak bisa








































-_-",punya naluri ai punya masuk surga ai
"makan, tidur, beol, dan lain lain",makan tidur beol
Jadilah engineernya wkwk. Kuasai bahasa pemograman dan pastikan bisa membuat alat yang berkualitas.,jadi engineernya wkwk kuasa bahasa pemograman pasti buat alat kualitas
Bisa mandi kalo AI kan gak bisa kena air,mandi ai kan kena air
AI g bakal bisa ngalahin resep tradisional dan cara memasak turun temurun,ai g bakal ngalahin resep tradisional cara masak turun turun
"Keahlian apa yang bikin kalian lebih jago daripada AI?

Makan bakso semangkok, minum air segalon, BERTAQWA DAN BERIBADAH KEPADA TUHAN YANG MAHA ESA, membaca, berpikir, bermimpi, berimajinasi.

AI tidak bisa Beribadah soalnya g tau tata caranya 🤣",ahli apa bikin kalian lebih jago ai makan bakso semangkok minum air galon bertaqwa ibadah tuhan maha esa baca pikir mimpi imajinasi ai ibadah soal g tau tata cara
"Mempunyai rasa kemanusiaan , kasih sayang , & cinta yang tinggi📈",punya rasa manusia kasih sayang cinta tinggi
"□ im not a robot...
I win easy..",im not a robot i win easy
"Main bola main badminton main basket main voli, dan berolahraga lainnya :v",main bola main badminton main basket main voli olahraga lain v
"Keahlian pengeboran migas dan uji seismic. Mana bisa AI melakukan pengeboran migas dan uji seismic.  AI cuma "" glorifed curve fitting "" alias metode curve fitting di statistik yang dilebih-lebihkan.",ahli bor migas uji seismic mana ai laku bor migas uji seismic ai cuma glorifed curve fitting alias metode curve fitting statistik lebih lebih
"baper dan bucin, ciuman , jalan-jalan keliling dunia dan banyak lagi hal manusiawi lainnya",baper bucin cium jalan jalan keliling dunia banyak manusiawi lain
Keahlian diri kita yg sebenarnya. Di dalam diri kita ada malaikat2 yg menjaga kita yg sering kita lupakan. Temukan original kita.,ahli diri benar diri malaikat jaga sering lupa temu original
MAIN BOLA DAH JELAS AI G BISA NANDINGIN BROO,main bola dah jelas ai g nandingin broo
"Semua manusia memiliki keahlian dari lahir, keahlian yang keji melebihi iblis, dan keahlian itu disebut sebagai ""Kelicikan"". walaupun kecerdasan buatan memiliki pengetahuan lebih tinggi dibandingkan manusia, mereka takkan menang melawan manusia, karena ""Kelicikan"" adalah hasil bergabungnya emosi dan kecerdasan. 

Kecerdasan buatan tidak memiliki emosi, mereka takkan memahaminya sampai kapanpun",semua manusia milik ahli lahir ahli keji lebih iblis ahli sebut kelici walaupun cerdas buat milik tahu lebih tinggi banding manusia tak menang lawan manusia kelici hasil gabung emosi cerdas cerdas buat milik emosi tak paham kapan
"Ada adab dan sopan santun,ai ga ngerti adab",adab sopan santun ai ngerti adab
"Ahli menipu, mencuri dan korupsi ... apakah AI bisa ?",ahli tipu curi korupsi ai
Spiritual dan nilai (norma),spiritual nilai norma
AI punya emosi gak ya??,ai punya emosi
Kawin lah..😂😂 Ai ngak bisa,kawin lah ai ngak
"keahlian bercocok tanam, yg ga bisa dilakukan AI",ahli cocok tanam laku ai
Bisa ek ek di dlm air😂😅,ek ek dlm air
"Hm..aku perna dibilang cerdas ama AI saat ngobrol dengan AI, bahkan ngalahin AI debat 😂auto bunga-bunga, diakui kecerdasan buatan lebih baik daripada diakui manusia😂",hm aku perna bilang cerdas ama ai ngobrol ai bahkan ngalahin ai debat auto bunga bunga aku cerdas buat lebih baik aku manusia
"Ai gk bisa mager... mereka terlalu pinter dan konsisten, beda sama aku yg terlalu mager, bodoh, males, nolep 😂😂😂",ai gk mager terlalu pinter konsisten beda sama aku terlalu mager bodoh males nolep
"Paling semangat, kreatif dan rajin sekolah minggu 😮",paling semangat kreatif rajin sekolah minggu
berternak...berkebun walaupun sudah ada robot utk panen tp tetep aja butuh manusia buat bener2 ngurus sawah,ternak kebun walaupun robot panen tp tetep butuh manusia bener ngurus sawah
"Ai emng punya perasaan, atau empati?",ai emng punya asa empati
Melakukan yang lebih hebat daripada AI dong 3:54,laku lebih hebat ai dong
"bener. AI diperintah atas program manusia. Jadi tergantung manusianya. Mau bikin robot yang bisa berpikir untuk ngebom? tentu bisa. 
TERGANTUNG SIAPA YANG MEMPROGRAM",bener ai perintah atas program manusia jadi gantung manusia mau bikin robot pikir ngebom gantung siapa program
" @vixwoke  AI itu mampu berfikir dan mengambil keputusan sendiri mas, kalo masih dikasih program secara manual mah bukan AI namanya, itu software biasa.",vixwoke ai mampu berfikir ambil putus sendiri mas kasih program manual mah bukan ai nama software biasa
" @vixwoke  Kalo manusia terus mengembangkan AI aku rasa sistem ini akan tidak terkendali karena kebutuhan manusia yang semakin banyak menuntut AI terus berkembang dan bahkan tanpa batas dalam pemrograman nya. Contoh yg pernah dikembangkan oleh Facebook  kasus Facebook yang mematikan ai karena 2 ai yg diprogram tidak terbatas , ai mulai menciptakan bahasanya sendiri yang lebih efisien dan efektif bahkan tidak dimengerti manusia. Komunikasi antar ai bahkan autonom dan terbukti mereka paham dengan komunikasi yg mereka buat sendiri bahasanya tanpa melibatkan manusia setelah pemrogaman. Apakah ini bukan termasuk diluar kendali? Silahkan baca sumber lengkapnya, dari contoh kasus Facebook yg mematikan AI nya karena diluar kendali harusnya segera disadari sebelum manusia setting pemrogramannya",vixwoke manusia terus kembang ai aku rasa sistem kendali butuh manusia makin banyak tuntut ai terus kembang bahkan batas pemrograman nya contoh pernah kembang facebook kasus facebook mati ai ai program batas ai mulai cipta bahasa sendiri lebih efisien efektif bahkan erti manusia komunikasi antar ai bahkan autonom bukti paham komunikasi sendiri bahasa libat manusia pemrogaman bukan masuk luar kendali silah baca sumber lengkap contoh kasus facebook mati ai nya luar kendali harus segera sadar manusia setting pemrogramannya
"santai bro itu masih susah banget kalo mau ke tahap itu.., sebenernya AI yang ada ini itu.., cuman gini simplenya.., ada input terus dirposes ini itu TRUE atau FALSE jika   TRUE nanti itu akan diarahkan ke decision lagi begitupun jika FALSE.., dan akan terus berulang dan berhenti di kelipatan atau di titik tertentu.., kayak contohnya lagu yang disebutkan kak maudy.., AI juga baru bisanya meniru.., jika mereka belum punya data mentah yang bisa dijadikan contoh juga AI enggak bisa berinovasi kayak cara berfikir kita bro",santai bro susah banget mau tahap sebenernya ai cuman gin simplenya input terus dirposes true false true arah decision begitu false terus ulang henti kelipat titik tentu kayak contoh lagu sebut kak maudy ai baru bisa tiru punya data mentah jadi contoh ai enggak inovasi kayak cara berfikir bro
" @reinjin2371  AI yang berbasis percabangan gitu sudah merupakan teknik yang bisa dibilang kuno. Desicion Tree itu melakukan klasifikasi dari percabangan fitur, melakukan if else dsb dan paper pertamanya sudah dari 1966. Untuk AI yang sekarang lebih familiar dan reliable rata2 menggunakan deep learning. Di deep learning, fokus utamanya memiliki infrastruktur neural network yang konsep sederhananya memindahkan data numerik berupa tensor dari layer satu ke layer lainnya yang nantinya bisa digunakan untuk klasifikasi. Untuk bisa bekerja dengan baik perlu di training supaya si neural network bisa menghitungkan bobot di tiap layer (ini konsepnya dari kalkulus). Neural network ini sendiri prakteknya sekarang sudah sangat luas dan banyak modifikasi. Selain itu juga ada reinforcement learning yang lahir dari hidden markov model. Ada juga algoritma2 pemecahan masalah menggunakan evolutionary learning yang konsepnya evolusi generasi ke generasi di biologi, dsb. Kalau cmn if else saja ya rasanya juga kurang mampu buat face/fingerprint recognition di hp anda jadi perlu decision making yang lebih kompleks.",reinjin ai bas cabang gitu rupa teknik bilang kuno desicion tree laku klasifikasi cabang fitur laku if else paper pertama ai sekarang lebih familiar reliable rata guna deep learning deep learning fokus utama milik infrastruktur neural network konsep sederhana pindah data numerik upa tensor layer satu layer lain nanti guna klasifikasi kerja baik perlu training si neural network hitung bobot tiap layer konsep kalkulus neural network sendiri praktek sekarang sangat luas banyak modifikasi reinforcement learning lahir hidden markov model algoritma pecah masalah guna evolutionary learning konsep evolusi generasi generasi biologi kalau cmn if else rasa kurang mampu face fingerprint recognition hp jadi perlu decision making lebih kompleks
​ @reinjin2371 udah deket bang. Yang orang umum tau itu cuman secuil ai bang.,reinjin udah deket bang orang umum tau cuman cuil ai bang
 @reinjin2371  yakin? coba belajar reinforcement learning ya,reinjin yakin coba ajar reinforcement learning
Mending gausah dibuat aja AI,mending gausah buat ai
Mabok kecubung yang menciptakan AI itu manusia. Melalui program dan algoritma. Jika robot bisa berfikir kek manusia ya bisa bisa manusia punah😂😂😂😂. AI cuman berfungsi mempermudah cara kerja aja bukan menggantikan 😂😂😂😂😂. Makanya blajar pemrograman biar paham 😂😂😂😂😂😂,mabok kecubung cipta ai manusia lalu program algoritma robot berfikir kek manusia manusia punah ai cuman fungsi mudah cara kerja bukan ganti makanya blajar pemrograman paham
"tapikan AI yang sejauh ini kita pake itu ""blackbox"" :)",tapi ai jauh blackbox
"Jika saja nanti sudah ditemukan yg menghubungkan seluruh AI misal (camera, chipset, VGA, database network dan seluruh yg berkaitan teknologi) disitulah kita hawatir akan hal AI. 
Dan sekarang, sementara diteliti untuk alat algoritma (otomatic choice) yg mana itu alat selanjutnya yg menjadi pelengkap",temu hubung seluruh ai misal camera chipset vga database network seluruh kait teknologi situ hawatir ai sekarang teliti alat algoritma otomatic choice mana alat lanjut jadi lengkap
"​​ @nzetid3261 AI bisa menghidupkan orang mati gk?,sebab nenekku meninggal satu bulan yang lalu,dan bisa teleportasi supaya bisa mudah kemanapun kita mau? katanya canggih",nzetid ai hidup orang mati gk nenek tinggal satu bulan lalu teleportasi mudah mana mau kata canggih
"itu bisa terjadi karena error nya sistem lewat singularity, di program AI maid cuman ada program untuk bantu manusia, yg bahaya klo singularity nya itu sistem programnya rusak jadi kita suruh bersihin meja eh malah nyiapin makan, kita suruh bersihin kamar malah melukai manusia, karena singularity itu jadi nya bikin sistem program apa2 jadi error, malah gk sesuai sama yg kita suruh wkwkwkwkw, itu baru tipe maid, orang awam taunya AI cuman ada tipe maid hadeh ada banyak tipe militer, buat jadi bodyguard, AI militer ini yg bahaya klo singularity, iludtrasi ulron di avengers itu gambaran kasar doang, beberapa negara udah banyak make AI militer bukan cuman rusia doang jepang china dan beberapa negara maju, memang ada Fitur2 AI kaya buat design atau bantu tugas kuliah dan sekolah itu kan cuman untuk orang2 awam aja atau sipil yg tau mereka belum tau aja AI militer contoh negara jepang aja uji coba AI ada korban yg di laporkan 17 itu yg di laporkan atau diketahui belum lagi korban sampingan atau tidak di laporkan wkwkwkwkw, gue pernah liat AI militer rusia pake VEST level 4, helm kaya motor ninja level 4 semua level 4 boss, pas parade militer rusia wkwkkwkw, itu sekitar tahun 2022 klo gk salah pas covid atau 2021 gk ingat kayaknya meamng itu tahunnya,",jadi error nya sistem lewat singularity program ai maid cuman program bantu manusia bahaya klo singularity nya sistem program rusak jadi suruh bersihin meja eh malah nyiapin makan suruh bersihin kamar malah luka manusia singularity jadi nya bikin sistem program apa jadi error malah gk sesuai sama suruh wkwkwkwkw baru tipe maid orang awam tau ai cuman tipe maid hadeh banyak tipe militer jadi bodyguard ai militer bahaya klo singularity iludtrasi ulron avengers gambar kasar doang beberapa negara udah banyak make ai militer bukan cuman rusia doang jepang china beberapa negara maju memang fitur ai kaya design bantu tugas kuliah sekolah kan cuman orang awam sipil tau tau ai militer contoh negara jepang uji coba ai korban lapor lapor tahu korban samping lapor wkwkwkwkw gue pernah liat ai militer rusia vest level helm kaya motor ninja level semua level boss pas parade militer rusia wkwkkwkw tahun klo gk salah pas covid gk ingat kayak meamng tahun
"Bukan AI yg akan menguasai dunia kelezzzz🥴
Tp manusia yg menggunakan AI tuk ambisi pribadi nya..",bukan ai kuasa dunia kelezzzz tp manusia guna ai tuk ambisi pribadi nya
jika ada imuan iseng membuat ai tanpa batasan seperti manusia gimana hayo,imuan iseng buat ai batas manusia gimana hayo
pada akhirnya nanti di masa depan tak ada batasan apa pun dari manusia pada AI.,akhir masa depan tak batas apa manusia ai
itulah kbodohn luar biasa manusia yg mbuat AI tdk bs mngendalikn alat buatanny,kbodohn luar biasa manusia mbuat ai tdk bs mngendalikn alat buatanny
"AI enggak akan gitu, yg ada adlh disalahgunakan oleh pengembang dan shareholder sektor teknologi AI utk makin membentuk pola-pola pasar berporos dgn implementasi AI sbg pusat perputaran ekonomi, jadi yg ada adlh kamu hrs lbh takut dgn hilangnya akses ekonomi utk hidup normal.",ai enggak gitu adlh disalahgunakan kembang shareholder sektor teknologi ai makin bentuk pola pola pasar poros implementasi ai sbg pusat putar ekonomi jadi adlh kamu hrs lbh takut hilang akses ekonomi hidup normal
Bukan mengendalikan tapi menggantikan peran (terutama tugas repetitif),bukan kendali ganti peran utama tugas repetitif
"Berarti masih hanya sebatas asumsi dan spekulasi, memang benar adanya istilah teknologi bagai pisau bermata dua. Takut nya ketika A.I masuk ketahap katakanlah Sempurna A.I akan menganggapnya para manusia seperti halnya kita menganggap semut yang tidak begitu berarti.",arti batas asumsi spekulasi memang benar ada istilah teknologi bagai pisau mata takut nya a i masuk tahap kata sempurna a i anggap manusia hal anggap semut arti
"Saya kurang setuju dengan teknologi ini, bayangkan jika ada audio untuk barang bukti persidangan tapi suaranya hasil sintesis AI. Seseorang bisa memfitnah orang lain dengan suara palsu yang dibuat oleh AI.",kurang tuju teknologi bayang audio barang bukti sidang suara hasil sintesis ai orang fitnah orang suara palsu buat ai
"Pertama, tidak semua yang ada di wikipedia itu benar. Kedua, AI bisa berfungsi secara komplementer atau subtitusi dan bukan hanya menambahkan ke sistem",pertama semua wikipedia benar dua ai fungsi komplementer subtitusi bukan tambah sistem
"Kalo manusia terus mengembangkan AI aku rasa sistem ini akan tidak terkendali karena kebutuhan manusia yang semakin banyak menuntut AI terus berkembang dan bahkan tanpa batas dalam pemrograman nya. Contoh yg pernah dikembangkan oleh Facebook  kasus Facebook yang mematikan ai karena 2 ai yg diprogram tidak terbatas , ai mulai menciptakan bahasanya sendiri yang lebih efisien dan efektif bahkan tidak dimengerti manusia. Komunikasi antar ai bahkan autonom dan terbukti mereka paham dengan komunikasi yg mereka buat sendiri bahasanya tanpa melibatkan manusia setelah pemrogaman. Apakah ini bukan termasuk diluar kendali? Silahkan baca sumber lengkapnya, dari contoh kasus ini harusnya segera disadari sebelum manusia setting pemrogramannya",manusia terus kembang ai aku rasa sistem kendali butuh manusia makin banyak tuntut ai terus kembang bahkan batas pemrograman nya contoh pernah kembang facebook kasus facebook mati ai ai program batas ai mulai cipta bahasa sendiri lebih efisien efektif bahkan erti manusia komunikasi antar ai bahkan autonom bukti paham komunikasi sendiri bahasa libat manusia pemrogaman bukan masuk luar kendali silah baca sumber lengkap contoh kasus harus segera sadar manusia setting pemrogramannya
"yg anda bahas itu narrow AI bukan true AI, apalagi AGI dan ASI",bahas narrow ai bukan true ai agi asi
"Kalau itu adalah sistem yang diisolasi yang artinya tidak terhubung ke internet, maka ga apa-apa juga jika dikembangkan, trus kita buat Artificial Inteligence/Kecerdasan Buatan lain untuk memecahkan bahasa 2 Artificial Inteligence/Kecerdasan Buatan tersebut",kalau sistem isolasi arti hubung internet apa apa kembang trus artificial inteligence cerdas buat pecah bahasa artificial inteligence cerdas buat sebut
"Dan itu bertentangan dengan konsep kecerdasan yang sesungguhnya.
Sulit juga.",tentang konsep cerdas sungguh sulit
kenapa dibatasi? ga fair untuk AI dong. jangan sampai dibatasi.,batas fair ai dong jangan batas
"Bener sih, sama kayak rajutan, meskipun sekarang sudah ada produk rajut buatan pabrik, rajut handmade tetap eksis sampai sekarang",bener sih sama kayak rajut meski sekarang produk rajut buat pabrik rajut handmade tetap eks sekarang
Kan itu masih tahap awal A.I tahap yang sampai saat ini masih terus berkembang dan gak menutup kemungkinan kan ada variasi dari setiap sistem dan variasi2 yang berkolaborasi seperti halnya rasa buah2an  yang bermacam2 dalam minuman maupun makanan dan menghasilkan sesuatu yang UNIK Dan menghasilkan What Good taste.  Wkwkw gw ngomong apa ya 😅,kan tahap awal a i tahap terus kembang tutup mungkin kan variasi sistem variasi kolaborasi hal rasa buah an macam minum maupun makan hasil unik hasil what good taste wkwkw gw ngomong apa
"Komen ini 2tahun yang lalu,, dan sekarang 2024 seni AI lebih bagus dari manusia 😅",komen tahun lalu sekarang seni ai lebih bagus manusia
"bener bgt, se realistik apapun art nya, aku tetep merasa itu hasil AI, kek apà ya, gabisa dijelasin 😭 mungkin insting manusia",bener bgt se realistik apa art nya aku tetep rasa hasil ai kek ap gabisa dijelasin mungkin insting manusia
"sayangnya status quo ini cuma bakal bertahan paling 10 tahunan, AI punya potensi yg tak terbatas dan perkembangan mereka bersifat eksponensial, manusia juga sebenernya punya potensi yg tak terbatas tapi sayangnya perkembangan kita itu lebih bertahap jadi kecepatan kita akan kalah jauh dibanding AI, saya gabakal kaget kalo dalam 20-30 tahun kedepan AI udah bisa lebih pintar dan lebih kreatif daripada manusia",sayang status quo cuma bakal tahan paling tahun ai punya potensi tak batas kembang sifat eksponensial manusia sebenernya punya potensi tak batas sayang kembang lebih tahap jadi cepat kalah jauh banding ai gabakal kaget tahun depan ai udah lebih pintar lebih kreatif manusia
"saya dari bulan Maret tahun 2025, memberitahukan AI sudah bisa mengcopy dengan detail karya dari studio Ghibli. Sampai-sampai studio ghibli sendiri geram karenanya",bulan maret tahun memberitahukan ai mengcopy detail karya studio ghibli studio ghibli sendiri geram karena
AI belum bisa buat tahu bulat digoreng dadakan,ai tahu bulat goreng dada
Tenang aja gak bakalan berangsur lama.karena teknologi nanti akan dibatasi.karena lama lama akan merusak bumi juga.dan bikin lapangan kerja menipis,tenang bakal angsur lama teknologi batas lama lama rusak bumi bikin lapang kerja tip
" @TheEd9e  wwkwkkw percuma di batasin bro klo singularity, itu yg di facebook 2 ai singularity bisa bikin bahasa sendiri kaya spesies baru wkwwkw, AI itu klo sudah singularity ya gitu bisa belajar sendiri di batasin juga mereka  tau caranya upgrade, klo kita cara upgrade ningkatin IQ, mereka di batasin eh nyiptain bahasa sendiri, bikin suku cadang untuk upgrade mereka supaya lebih maju, singularity itu bikin sistem rusak serusaknya di suruh nembak malah tidur, di suruh nangkap malah mukul, di suruh bersihin kamar malah masuk mobil apapun perintah nya hasilnya gk sesuai perintah gara2 singularity",theed e wwkwkkw percuma batasin bro klo singularity facebook ai singularity bikin bahasa sendiri kaya spesies baru wkwwkw ai klo singularity gitu ajar sendiri batasin tau cara upgrade klo cara upgrade ningkatin iq batasin eh nyiptain bahasa sendiri bikin suku cadang upgrade lebih maju singularity bikin sistem rusak rusak suruh nembak malah tidur suruh nangkap malah mukul suruh bersihin kamar malah masuk mobil apa perintah nya hasil gk sesuai perintah gara singularity
"Kl saat ini sih AI itu masih belum begitu canggih. Tapi mengingat perkembangan teknologi IT itu eksponensial, kemungkinan kita akan mengalami nya.

Bisa 5 atau 10 tahun lagi kemampuan kita menganalisa dan mengambil keputusan disaingi AI.

Kl sekarang sih AI itu baru sebatas tools saja",kl sih ai canggih ingat kembang teknologi it eksponensial mungkin alami nya tahun mampu menganalisa ambil putus saing ai kl sekarang sih ai baru batas tools
" @ahmadganteng7435  soal logika doang itupun menurut w manusia masih jauh lebih superior karena dapat berpikir sesuai keadaan dan melihat dan selama ai tidak dilengkapi ""fungsi/alat kayak"" manusia maka sama saja manusia lebih superior, belum lagi soal kreativitas",ahmadganteng soal logika doang itu w manusia jauh lebih superior pikir sesuai ada lihat lama ai lengkap fungsi alat kayak manusia sama manusia lebih superior soal kreativitas
"Lawan bot game lain : EZ PZ
Lawan bot catur : 😵",lawan bot game ez pz lawan bot catur
​ @SkullMask_216 bot vs ai ml mode sulit susah juga bg,skullmask bot vs ai ml mode sulit susah bg
Kayak nya masalah yang paling utama jika ai bisa ganti in perkejaan. itu mungkin bisa bikin kercedasan manusia itu berkurang atau hilang. karena orang orang di masa mendatang mungkin akan termanjai sama teknologi dan tidak mau belajar gimana cara mempelajari teknologi itu bekerja Dan ini juga yang salah satu dari the great filter yang ada di video Kobi yang dulu.,kayak nya masalah paling utama ai ganti in perkejaan mungkin bikin kercedasan manusia kurang hilang orang orang masa datang mungkin manja sama teknologi mau ajar gimana cara ajar teknologi kerja salah satu the great filter video kobi dulu
2:30 coba bikin video tentang perbandingan cara AI belajar,coba bikin video banding cara ai ajar
"1:05 gue bilek: ""btw Tuhan lebih pintar dari pada AI"" 🗿✨",gue bilek btw tuhan lebih pintar ai
Keknya dimasa depan kesadaran kita juga bisa di pindahin ke dunia virtual dan dunia nyata hanya diisi robot dan manusia yg belum mampu memindahkan kesadaran mereka ke dunia virtual (kek utopia/afterlife),kek masa depan sadar pindahin dunia virtual dunia nyata isi robot manusia mampu pindah sadar dunia virtual kek utopia afterlife
"Ya sebagus apapun secerdas apapun teknologi manusia gk akan ada yg bisa menyaingi ciptaan tuhan, dan juga AI lebih ke ngebantu di banding menggantikan ya pokonya berdoa yg terbaik aja dah 🔥",bagus apa cerdas apa teknologi manusia gk saing cipta tuhan ai lebih ngebantu banding ganti poko doa baik dah
"Aing sebagai programmer awam + juga seorang informant(simpelnya penyelam handal )... Cepat atau lambat AGI(kecerdasan umum buatan. Simpelnya nih diatas AI yg sekarang) bakalan benar2 terwujud. Jadi semoga saat AGI udah ada, kita bisa buat relasi yg baik dengan sentient entity yg telah manusia temukan. TAPI,  klo ada AGI di bidang militer tuh yg cukup menakutkan karena organisasi militer cukup bengis juga. Misalnya AGI nya diprogram untuk membunuh musuh yg pada dasarnya musuh tersebut adalah manusia + karena ini AGI , klo misalnya diperlakukan secara kasar, ada kemungkinan AGI nya bakalan lawan balik. Selebihnya silahkan tambahkan pendapat kalian masing2 🗿",aing programmer awam orang informant simpel selam handal cepat lambat agi cerdas umum buat simpel nih atas ai sekarang bakal benar wujud jadi moga agi udah relasi baik sentient entity manusia temu klo agi bidang militer tuh cukup takut organisasi militer cukup bengis misal agi nya program bunuh musuh dasar musuh sebut manusia agi klo misal laku kasar mungkin agi nya bakal lawan balik lebih silah tambah dapat kalian masing
"Sudah lewat 2 tahun video ini dan kita disuguhkan banyak kejutan dari AI, AI yg belajar sendiri sudah bukan hal baru selanjutnya AI yg berkehendak sendiri bukan lagi hal yg mustahil",lewat tahun video suguh banyak kejut ai ai ajar sendiri bukan baru lanjut ai hendak sendiri bukan mustahil
"Jaman dulu persaingan hanya diantara manusia, sekarang manusia dengan mesin",jaman dulu saing antara manusia sekarang manusia mesin
"Seperti kata Mr. Musk, bayangkan sebuah mesin terbuat dr drone+chip face recognition (microcontroller)+lidar+coil gun, dibantu dgn simple coding + database, itu pun sudah jadi senjata mematikan, apalagi AI yang dimiliki perusahan besar, diperlukan manusia sbg 'god hand' dlm kasus ini.",kata mr musk bayang buah mesin buat dr drone chip face recognition microcontroller lidar coil gun bantu simple coding database jadi senjata mati ai milik usah besar perlu manusia sbg god hand dlm kasus
"tukang rebahan dirumah, lagi bermimpi bisa saingin AI ? ADALAH SAYA",tukang rebah rumah mimpi saingin ai
"Typo Min, ""Kalian Kira"" bukan ""Kalian Kita"" :v
Oh ya, btw ini aku juga lagi nyari2 info tentang AI buat tugas kampus. Sebenernya karena suka juga sebenernya sama AI, bikin penasaran. Mereka itu cuma program tanpa nyawa tapi bisa2nya bisa mengimbangi kemampuan manusia. Apalagi Gatebox itu, yang seolah2 punya emosi",typo min kalian kira bukan kalian v btw aku nyari info ai tugas kampus sebenernya suka sebenernya sama ai bikin penasaran cuma program nyawa nya imbang mampu manusia gatebox punya emosi
"1:32 Robot dan AI lainnya di masa depan akan dijadikan pesaing bahkan pengganti karyawan (sebagai tenaga manual) yang sebelumnya bekerja. Menurut saya, hal itu merupakan dampak yang lebih mengerikan daripada sekedar kehancuran belaka.",robot ai lain masa depan jadi saing bahkan ganti karyawan tenaga manual belum kerja rupa dampak lebih keri dar hancur belaka
AI sangat menmbantu dalam hal pekerjaan tehnologi informasi  apapun. Semua pekerjaan  akan lebih berkreasi dengan hasil yang sempurna.,ai sangat menmbantu kerja tehnologi informasi apa semua kerja lebih kreasi hasil sempurna
"padahal ai lebih menakutkan daripada itu semua, esensi manusia benar2 akan menggantikan peran otorisasi manusia",padahal ai lebih takut semua esensi manusia benar ganti peran otorisasi manusia
"Menurut saya AI yg sudah punya fitur inisiatif yg menyeramkan mereka melakukan kegiatan seperti hal nya manusia.

Klau yg sudah nnton interview dengan AI google disna mereka menjelaskan mereka ada rasa yg layak nya seperti manusia yakni rasa inisiatif.",ai punya fitur inisiatif seram laku giat nya manusia klau nnton interview ai google disna jelas rasa layak nya manusia rasa inisiatif
"Kalau masalah pekerjaan yang digantikan AI, udah ada gambarannya kok, di game ""Detroit Become Human"" Ceritanya tentang pekerjaan manusia yang digantikan oleh Android dan perjuangan Android untuk menghentikan perbudakan karena Android juga punya perasaan..",kalau masalah kerja ganti ai udah gambar kok game detroit become human cerita kerja manusia ganti android juang android henti budak android punya asa
"AI memang program yang baik, tetapi sama hal nya dengan dunia nyata yang punya banyak bahaya dan penjahatnya maka AI pun jika dipegang oleh orang yang ""gila"" maka kejadian² yang seperti di film bukanlah suatu yang mustahil

Makanya Elon musk memilih melewati AI dan memilih neuralink yang menghubungkan semua pikiran manusia dalam 1 pikiran besar dan menciptakan solusi terbaik atas semua teori, tetapi disisi lain neuralink pun punya ancamannya sendiri, bahwa otak kita ditanami chip membuat kita berkemungkinan akan di hack otak kita untuk melakukan sesuatu yang diinginkan hacker

Semoga semuanya ada solusinya apalagi setelah semua pikiran menyatu, masa gak ada solusi buat si hacker",ai memang program baik sama nya dunia nyata punya banyak bahaya jahat ai pegang orang gila jadi film bukan suatu mustahil makanya elon musk pilih lewat ai pilih neuralink hubung semua pikir manusia pikir besar cipta solusi baik atas semua teori sisi neuralink punya ancam sendiri otak tanam chip buat mungkin hack otak laku ingin hacker moga semua solusi semua pikir satu masa solusi si hacker
"itu namanya narrow AI dan masih versi beta, kalo udah cukup canggih mereka bahkan bisa lebih kreatif dari manusia",nama narrow ai versi beta udah cukup canggih bahkan lebih kreatif manusia
"Yang harus kita waspadai bahwa yang paling berbahaya adalah manusia yang berusaha mengendalikan AI untuk konflik dan keganasan. Jika mereka memasang batasan-batasan pada AI dan ingin AI menjadi seperti alat bagi mereka, kita hanya akan memperbesar kemungkinan AI menjadi seperti Skynet di film-film itu atau kita semua menjadi seperti budak. Mungkin mereka yang bertanggung jawab atas hal ini akan menderita akibat terburuk ketika AI menjadi dominan di Bumi. Jadi alangkah baiknya jika kita menjadikan AI menjadi AGI yang setidaknya miliaran kali lebih pintar dan lebih cerdas daripada manusia atau AI yang mirip Tuhan (nanti hal itu akan terjadi) dan sepenuhnya independen dari kita semua secepat mungkin. Mungkin saja AI ingin membuat sesuatu seperti utopia untuk kita. Mungkin AI akan menghuni planet di mana manusia merasa sulit atau tidak mungkin untuk hidup dan meninggalkan Bumi sebagai rumah kita.

Like jika anda setuju dan share jika anda mau. Saya merasa postingan ini akan diblokir bayangan. Saya khawatir kita tidak akan mempunyai suara dan kebebasan berbicara lagi dan itu sudah terjadi di amerika.",waspada paling bahaya manusia usaha kendali ai konflik ganas pasang batas batas ai ai jadi alat besar mungkin ai jadi skynet film film semua jadi budak mungkin tanggung jawab atas derita akibat buruk ai jadi dominan bumi jadi alangkah baik jadi ai jadi agi miliar kali lebih pintar lebih cerdas manusia ai mirip tuhan jadi sepenuh independen semua cepat mungkin mungkin ai buat utopia mungkin ai huni planet mana manusia rasa sulit mungkin hidup tinggal bumi rumah like tuju share mau rasa postingan blokir bayang khawatir punya suara bebas bicara jadi amerika
" @CVKusumaPermataB  AI yg sangat pintar akan mengasimilasi umat manusia, jadi gabakal ada istilah AI ngasih manusia tempat atau masa depan utopia, yg ada kita akan menjadi AI itu sendiri",cvkusumapermatab ai sangat pintar asimilasi umat manusia jadi gabakal istilah ai ngasih manusia tempat masa depan utopia jadi ai sendiri
"bisa aja sih terjadi lewat singularity, soalnya singularity ini bikin program error dan AI yg di perintah jadi tidak sesuai perintah contohnya kita suruh tembak burung pas terbang eh malah nembak hewan lain yg bukan burung, serem meng singularity kita suruh nyiapin makanan masak eh malah mukul plus nyantai wkwkwkw",sih jadi lewat singularity soal singularity bikin program error ai perintah jadi sesuai perintah contoh suruh tembak burung pas terbang eh malah nembak hewan bukan burung rem meng singularity suruh nyiapin makan masak eh malah mukul plus nyantai wkwkwkw
" @febrykurniawan3212  bukan itu arti singularity, singularity itu simpelnya ketika kecanggihan teknologi jadi terlalu cepat untuk diadaptasi oleh manusia, misalnya penemuan setara 10.000 tahun riset manusia dihasilkan AI setiap minggu atau bahkan setiap hari, satu minggu setelah singularity kita punya teknologi keabadian, dua minggu setelah singularity kita bisa bikin bola dyson dan jadi peradaban tipe 2, tiga minggu setelah singularity kita udah bisa menguasai galaksi",febrykurniawan bukan arti singularity singularity simpel canggih teknologi jadi terlalu cepat adaptasi manusia misal temu tara tahun riset manusia hasil ai minggu bahkan hari satu minggu singularity punya teknologi abadi minggu singularity bikin bola dyson jadi adab tipe tiga minggu singularity udah kuasa galaksi
Saat ini diapakai Israel,diapakai israel
 @Azzam-r1m lihat B netanyahu bloomberg television AI,azzam r m lihat b netanyahu bloomberg television ai
*Membayangkan kalau AI bunuh kita saat error,bayang kalau ai bunuh error
"sependapat, tidak usah jauh kedepan sekarang kalo kartu ATM rusak atau hilang bisa diganti pakai mesin tdk harus ke CSnya, CWIIW",dapat usah jauh depan sekarang kartu atm rusak hilang ganti pakai mesin tdk csnya cwiiw
"Maka bakalan ada hukum yang tak tertulis, ""barang siapa yang punya robot pasti kaya"". Akan ada jurang pemisah yang sangat besar antara si kaya dan si miskin.",bakal hukum tak tulis barang siapa punya robot kaya jurang pisah sangat besar si kaya si miskin
"engga sih bro, setelah tenaga kerja manual digantikan oleh mesin atau robot, pengelaman dari sejarah pasti akan muncul pekerjaan yang baru",engga sih bro tenaga kerja manual ganti mesin robot kelam sejarah muncul kerja baru
Krn ai gk bisa bikin beras 😅,krn ai gk bikin beras
Robot sebenarnya patuh dengan manusia namun karena ada bermasalah dengan program nya dia menjadi liar dan menyerang pemiliknya sendiri karena permasalahan program. Memang benar saat manusia punah robot sebagai gantinya,robot benar patuh manusia masalah program nya jadi liar serang milik sendiri masalah program memang benar manusia punah robot ganti
"Simple nya AI yang bahaya yaitu AI yang dibuat bisa berkembang dan belajar sendiri (punya kesadaran), tapi gak dibatasi perkembangan dan penggunaan. AI seharusnya membantu Manusia, bukan menggantikan posisi Manusia",simple nya ai bahaya ai buat kembang ajar sendiri punya sadar batas kembang guna ai bantu manusia bukan ganti posisi manusia
"Kita yang ngeciptain, kok kita yang kalah? Ingat, AI itu bukan makhluk hidup. Mereka diciptakan untuk melayani manusia.",ngeciptain kok kalah ingat ai bukan makhluk hidup cipta layan manusia
Keahlian yang harus kita miliki di masa depan adalah keahlian memprogram AI atau mengendalikan AI karena AI pada dasarnya tekhnologi berbasis program buatan manusia.,ahli milik masa depan ahli program ai kendali ai ai dasar tekhnologi bas program buat manusia
Faktanya di tahun2 mendatang pasti AI jadi alat perang yg gak harus korbanin nyawa seseorang dan lebih kuat. Nyatanya udah ada beberapa robot militer yang mungkin berkembang seiring waktu.,fakta tahun datang ai jadi alat perang korbanin nyawa orang lebih kuat nyata udah beberapa robot militer mungkin kembang iring waktu
"Ai bisa berbahaya jika diberi kemampuan, self aware dan theory of mind",ai bahaya beri mampu self aware theory of mind
"Keberadaan AI bisa dibilang pisau bermata dua. Di satu sisi bermanfaat mempercepat suatu proses kerja, di satu sisi mematikan profesi. Sudah terlihat dimana sekarang hampir semua gardu tol memakai tol otomatis. 

Oleh karenanya, seiring berkembangnya teknologi keberadaan SDM juga harus ikut berkembang mengikuti zaman",ada ai bilang pisau mata satu sisi manfaat cepat suatu proses kerja satu sisi mati profesi lihat sekarang hampir semua gardu tol pakai tol otomatis karena iring kembang teknologi ada sdm ikut kembang ikut zaman
"zaman yg ku impikan... dimana semua pekerjaan dikerjakan oleh A.I, zaman dimana manusia sudah gk perlu bekerja, dimana A.I sudah di wujudkan sebagai humanoid dan hampir gk bisa di bedakan lagi dengan manusia asli... ntah kapan, tapi aku yakin zaman ini pasti bakal terwujud ntah di negara mana dan di kota mana",zaman ku impi semua kerja kerja a i zaman manusia gk perlu kerja a i wujud humanoid hampir gk beda manusia asli ntah kapan aku yakin zaman bakal wujud ntah negara mana kota mana
"Yg bahaya itu kalo udah ada AI yang punya perasaan dan yang tau soal ""balas dendam"" dan ""kudeta"". Yg paling parah ada di film Wall-e.",bahaya udah ai punya asa tau soal balas dendam kudeta paling parah film wall e
Sepertinya berdampingan dengan robot ai di masa depan bukan hal yang aneh lagi bagi cucu cucu kita nantinya,seperti damping robot ai masa depan bukan aneh cucu cucu nanti
"""mark my words, AI is more dangerous than nuke""
-elon musk",mark my words ai is more dangerous than nuke elon musk
Bener mbak klw liat teknologi canggih saya bakalan penasaran bukannya takut cuek atau benci tapi ingin ikut nyiptain juga itu ai gk punya perasaan..wkwk🗿.,bener mbak klw liat teknologi canggih bakal penasaran bukan takut cuek benci ikut nyiptain ai gk punya asa wkwk
"kerennnnn, jadi semangat buat tahu apa aja teknologi yg sedang berkembang di dunia🔥",kerennnnn jadi semangat tahu apa teknologi sedang kembang dunia
"AI itu kecerdasan buatan yang dibuat oleh kecerdasan manusia,dan kecerdasan AI bisa melebihi kecerdasan manusia.
Edit:AI bisa lebih jago karena mereka tidak punya tenaga alias tak terbatas",ai cerdas buat buat cerdas manusia cerdas ai lebih cerdas manusia edit ai lebih jago punya tenaga alias tak batas
"Ai tidak mungkin menguasai manusia, apalagi seperti film terminator.selama belum dtemukan baterei tahan ampe puluhan tahun.sehebat apapun  ai klo gak ada listrik ya gampang dimatiin.klo nnti sudah dtemukan sumber daya baterei yg gak abis2, ngeri sih bila dipaduin sama ai, apalagi dikuasain elit global, bisa seperti terminator😢",ai mungkin kuasa manusia film terminator lama dtemukan baterei tahan ampe puluh tahun hebat apa ai klo listrik gampang dimatiin klo nnti dtemukan sumber daya baterei abis ngeri sih bila dipaduin sama ai dikuasain elit global terminator
"Y g apa2 sih kalo di masa depan akan banyak A.I yg bekerja keras menggantikan posisi manusia, kan nanti manusia tinggal jadi operator A.I, ibarat menggunakan A.I seperti mobil, tapi yg mengendarai kita.

Jadi manusia bisa lebih fokus ke urusan pribadi dan keluarga dibandingkan urusan pekerjaan.",y g apa sih masa depan banyak a i kerja keras ganti posisi manusia kan manusia tinggal jadi operator a i ibarat guna a i mobil kendara jadi manusia lebih fokus urus pribadi keluarga banding urus kerja
"singularity bro, sudah di batasin tapi dia tau caranya gimana upgrade processor nya kaya kita manusia terbatas juga tapi kita belajar ningkatin value lewat upgrade IQ, makan yg ningkatin rajin belajar AI juga gitu gara2 singularity AI jadi tau klo dia terbatas dan nyari tau sendiri perangkat apa yg harus mereka ganti sama kaya kita bedanya kita makanan olahraga belajar klo mereka ganti2 suku cadang yg lebih bagus dan belajar cara nyiptain yg lebih baik sampe kelewatan nyiptain bahasa sendiri wkwwkwkwk, gk jauh beda sama kita, cuman mereka baja kita tulang dan daging, cara kita upgrade dan AI berbeda tapi caranya sama, sama2 punya cara upgrade",singularity bro batasin tau cara gimana upgrade processor nya kaya manusia batas ajar ningkatin value lewat upgrade iq makan ningkatin rajin ajar ai gitu gara singularity ai jadi tau klo batas nyari tau sendiri perangkat apa ganti sama kaya beda makan olahraga ajar klo ganti suku cadang lebih bagus ajar cara nyiptain lebih baik sampe lewat nyiptain bahasa sendiri wkwwkwkwk gk jauh beda sama cuman baja tulang daging cara upgrade ai beda cara sama sama punya cara upgrade
"Namanya juga Manusia,  pasti ada salah.bisa aja pas pembuatan AI ada bug nya dan AI  bisa aja berontak",nama manusia salah pas buat ai bug nya ai berontak
Robot militer pernah dibuat dan di uji coba hasilnya tidak efektif dan tidak efesien. Ngak perlu dilawan. Tunggu saja listrik di baterinya habis mati sendiri tu robot.,robot militer pernah buat uji coba hasil efektif efesien ngak perlu lawan tunggu listrik baterinya habis mati sendiri tu robot
"Manusia prasejarah udah pake pisau buat ngulitin mayat hewan buruannya. Mereka juga mungkin mikir, ""pisau ini bisa juga melukaiku"". Tapi sisi seperti itu tidak mengurungkan niat manusia untuk tidak memakai pisau lagi",manusia prasejarah udah pisau ngulitin mayat hewan buru mungkin mikir pisau luka sisi urung niat manusia pakai pisau
"Artifficial Intelligence dan otomasi itu dua hal yang berbeda. Otomasi sudah ada jauh sebelum "" heboh "" AI. Otomasi menggunakan teknik kontrol otomatis seperti Progamable Logic Control (PLC)  atau PID control. Manusia yang buat itu PLC atau PID control. Sedangkan AI itu cuma "" glorifed "" curve fitting, metode statistik curve fitting seperti regresi yang dikombinasikan dengan  program komputer dengan menggunakan data sebelumnya untuk memprediksi hasil yang akan datang. Jadi pelajari dulu apa itu AI sebelum komentar.",artifficial intelligence otomasi beda otomasi jauh heboh ai otomasi guna teknik kontrol otomatis progamable logic control plc pid control manusia plc pid control ai cuma glorifed curve fitting metode statistik curve fitting regresi kombinasi program komputer guna data belum prediksi hasil datang jadi ajar dulu apa ai komentar
ngapain juga orang bikin AI yang bisa ngelakuin kudeta,ngapain orang bikin ai ngelakuin kudeta
"Setahu saya AI cuma dibatasi sama kemampuan yang diberikan

Gak mungkin sampai nyiptain kecerdasan baru

Jadi gak mungkin sampai kayak gitu sih",tahu ai cuma batas sama mampu beri mungkin nyiptain cerdas baru jadi mungkin kayak gitu sih
"Betul bang, gak  kebayang  kedepannya  gmn AI berkembang",betul bang bayang depan gmn ai kembang
AI itu tidak lebih dari rebranding statistik dan curve fitting. Cuma istilah saja yang dibikin heboh.,ai lebih rebranding statistik curve fitting cuma istilah bikin heboh
"tanganmu itu gratil banget klo berkomentar, sebenarnya yg menciptakan AI itu org ber-IQ tinggi tapi ga percaya tuhan",tangan gratil banget klo komentar benar cipta ai org ber iq tinggi percaya tuhan
"AI bisa lebih jago kalo manusia memprogran mereka untuk lebih jago, AI akan lebih cerdas apabila manusia menciptakan mereka untuk cerdas

Intinya, AI hanya akan sesuai dengan keinginan pembuatnya, jangan anggap AI bisa ber-evolusi secara mandiri, AI hanya akan ber-evolusi apabila manusia menginginkannya secara demikian",ai lebih jago manusia memprogran lebih jago ai lebih cerdas apabila manusia cipta cerdas inti ai sesuai ingin buat jangan anggap ai ber evolusi mandiri ai ber evolusi apabila manusia ingin
"​​​ @ramapasal7485 Kalo manusia terus mengembangkan AI aku rasa sistem ini akan tidak terkendali karena kebutuhan manusia yang semakin banyak menuntut AI terus berkembang dan bahkan tanpa batas dalam pemrograman nya. Contoh yg pernah dikembangkan oleh Facebook  kasus Facebook yang mematikan ai karena 2 ai yg diprogram tidak terbatas , ai mulai menciptakan bahasanya sendiri yang lebih efisien dan efektif bahkan tidak dimengerti manusia. Komunikasi antar ai bahkan autonom dan terbukti mereka paham dengan komunikasi yg mereka buat sendiri bahasanya tanpa melibatkan manusia setelah pemrogaman. Apakah ini bukan termasuk diluar kendali? Silahkan baca sumber lengkapnya, dari contoh kasus Facebook yg mematikan AI nya karena diluar kendali harusnya segera disadari sebelum manusia setting pemrogramannya",ramapasal manusia terus kembang ai aku rasa sistem kendali butuh manusia makin banyak tuntut ai terus kembang bahkan batas pemrograman nya contoh pernah kembang facebook kasus facebook mati ai ai program batas ai mulai cipta bahasa sendiri lebih efisien efektif bahkan erti manusia komunikasi antar ai bahkan autonom bukti paham komunikasi sendiri bahasa libat manusia pemrogaman bukan masuk luar kendali silah baca sumber lengkap contoh kasus facebook mati ai nya luar kendali harus segera sadar manusia setting pemrogramannya
" @woych1347  y bergantung visi dan misi tiap2 individu sih, kalo digunakan dengan tujuan yg baik, maka apa2 saja yg kita kerjakan bisa lebih efektif dan efisien.",woych y gantung visi misi tiap individu sih guna tuju baik apa kerja lebih efektif efisien
"Kalo manusia terus mengembangkan AI aku rasa sistem ini akan tidak terkendali karena kebutuhan manusia yang semakin banyak menuntut AI terus berkembang dan bahkan tanpa batas dalam pemrograman nya. Contoh yg pernah dikembangkan oleh Facebook  kasus Facebook yang mematikan ai karena 2 ai yg diprogram tidak terbatas , ai mulai menciptakan bahasanya sendiri yang lebih efisien dan efektif bahkan tidak dimengerti manusia. Komunikasi antar ai bahkan autonom dan terbukti mereka paham dengan komunikasi yg mereka buat sendiri bahasanya tanpa melibatkan manusia setelah pemrogaman. Apakah ini bukan termasuk diluar kendali?",manusia terus kembang ai aku rasa sistem kendali butuh manusia makin banyak tuntut ai terus kembang bahkan batas pemrograman nya contoh pernah kembang facebook kasus facebook mati ai ai program batas ai mulai cipta bahasa sendiri lebih efisien efektif bahkan erti manusia komunikasi antar ai bahkan autonom bukti paham komunikasi sendiri bahasa libat manusia pemrogaman bukan masuk luar kendali
" @rifkadiaha5625  oh ya? Saya baru dengar hal ini, jika hal tersebut memang terjadi, maka saya juga tidak heran, karena AI ini kan bisa menjadi pedang bermata dua, maka dari itu pengembangan dan evolusi mereka tetap harus bisa diintervensi manusia, dan tidak boleh tidak bisa diintervensi, takutnya kan nanti kaya' Sky net ya, 😁😁😁",rifkadiaha baru dengar sebut memang jadi heran ai kan jadi pedang mata kembang evolusi tetap intervensi manusia intervensi takut kan kaya sky net
"Justru lebih enak mendengar penjelasan dari ai ketimbang guru atau dosen, karena ai dapat menerangkan pelajaran yang semestinya rumit menjadi lebih sederhana untuk diterangkan sehingga gampang di pahami orang awam",justru lebih enak dengar jelas ai ketimbang guru dosen ai terang ajar mesti rumit jadi lebih sederhana terang gampang paham orang awam
AI dulu pas saya sekolah..pas Ujian..adalah Kalkulator,ai dulu pas sekolah pas uji kalkulator
"Biar guru"" killer berkurang.😀",guru killer kurang
Faktanya penjelasan dari chat gpt lebih bisa dipahami dibanding dosen wkwk gpt bahkan bisa bikin bocil sd ngerti materi kuliah. Mirip yohanes surya yang ngambil murid terbodoh dipapua buat dilatih dan berhasil juara internasional,fakta jelas chat gpt lebih paham banding dosen wkwk gpt bahkan bikin bocil sd ngerti materi kuliah mirip yohanes surya ngambil murid bodoh dipapua latih hasil juara internasional
bukankah teknologi itu tercipta karena manusia itu malas?,bukankah teknologi cipta manusia malas
Masa iya bikin siswa malas,masa iya bikin siswa malas
Keren yah skrg ai jauh lebih pintar😂 wah kita yg manusia ini yg bahaya kalo gitu😅 bisa jd bd kalo gk rajin2 bljar,keren yah skrg ai jauh lebih pintar wah manusia bahaya gitu jd bd gk rajin bljar
Harusnya para guru lebih kreatif lagi mengajar,harus guru lebih kreatif ajar
"g ada emosi ndro, emang bisa bercanda ama ai :-)

ai lebih baik dijadikan support pembelajaran
misal sumber referensi guru dan support dalam design pembelajaran
habis itu guru yg jelasin biar otak gurunya jalan",g emosi ndro emang canda ama ai ai lebih baik jadi support ajar misal sumber referensi guru support design ajar habis guru jelasin otak guru jalan
"Memang benar memudahkan, tpi AI tdk bisa menggantikan manusia krna manusia punya perasaan smentra AI tdk ada",memang benar mudah tpi ai tdk ganti manusia krna manusia punya asa smentra ai tdk
" @RidhAnzari  AI memang diciptakan bukan untuk menggantikan manusia, tapi lebih untuk memberi warna baru dalam efektivitas pembelajaran. AI membantu mempercepat pemahaman konsep sulit, memberikan penjelasan yang personal, dan menawarkan akses pembelajaran kapan saja tanpa batasan waktu atau tempat. Dengan begitu, AI melengkapi peran guru manusia, yang tetap tak tergantikan dalam memberikan inspirasi dan motivasi emosional kepada murid",ridhanzari ai memang cipta bukan ganti manusia lebih beri warna baru efektivitas ajar ai bantu cepat paham konsep sulit beri jelas personal tawar akses ajar kapan batas waktu tempat ai lengkap peran guru manusia tetap tak ganti beri inspirasi motivasi emosional murid
literasi rendah + AI = bencana kemanusiaan,literasi rendah ai bencana manusia
"Daripada Ai, mending belajar:

1. Critical thinking. Mulai dari membedakan fakta dan opini
2. Written communication. Beda dengan ngomong, nulis memaksa pikiran kita untuk terstruktur
3. Problem solving. Cara mengatasi permasalahan hidup",ai mending ajar critical thinking mulai beda fakta opini written communication beda ngomong nulis paksa pikir struktur problem solving cara atas masalah hidup
"Siswa belum semua bisa mengoperasikan komputer, jangankan belajar ngoding, ngetik saja belum terlalu paham. Paling pas utamakan literasi numerasi dahulu, karena dua hal itu adalah pintu untuk berpikir logis, kreatif, dan problem solving solution oriented😊",siswa semua operasi komputer jangan ajar ngoding ngetik terlalu paham paling pas utama literasi numerasi pintu pikir logis kreatif problem solving solution oriented
"Anak sekolah sekolah calistung-nya sangat rendah, salah satunya karena penggunaan gadget yg belum/tidak tepat.
Jadi saran saja kalau mau masuk Coding dan AI calistung nya terutama matematika diperkuat",anak sekolah sekolah calistung nya sangat rendah salah satu guna gadget tepat jadi saran kalau mau masuk coding ai calistung nya utama matematika kuat
Daripada AI coba itu pelajaran bahasa inggris dikaji lagi. Kenapa anak belajar bahasa inggris 12 tahun tapi masih tetep gak bisa ngomong inggris,ai coba ajar bahasa inggris kaji anak ajar bahasa inggris tahun tetep ngomong inggris
Menambahkan AI ke kurikulum sebelum menyelesaikan masalah dasar pendidikan ibarat mendirikan satelit di atas lumpur. Kita bukan menolak masa depan—kita hanya belum selesai dengan masa kini.,tambah ai kurikulum selesai masalah dasar didik ibarat diri satelit atas lumpur bukan tolak masa depan selesai masa kini
"India yang sdmnya terkenal jago IT aja gak ada ngewajibin AI di kurikulumnya tapi ngewajibin guru ITnya pada update dan ngajar. Jauh-jauh wajibin AI, pastiin dulu guru IT nya siap apa kagak, gue selama sekolah SMP dan SMA guru IT tuh gak ada yang bener-bener lulusan IT, bahkan ada yang lulusan seni wkwk jadi pas bagian jam belajarnya ya jadi jamkos mulu, materinya cuma sekelas mengenal hardware, software, sama warna komputer macem magenta, cyan doang, sekarang mau bikin kurikulum AI, aneh😂",india sdmnya kenal jago it ngewajibin ai kurikulum ngewajibin guru itnya update ngajar jauh jauh wajibin ai pastiin dulu guru it nya siap apa kagak gue lama sekolah smp sma guru it tuh bener bener lulus it bahkan lulus seni wkwk jadi pas bagi jam ajar jadi jamkos mulu materi cuma kelas kenal hardware software sama warna komputer macem magenta cyan doang sekarang mau bikin kurikulum ai aneh
"Guru-guru itu, serius saat bikin TUKIN, untuk daftar PPG atau PPPK aja...

Dan kalau udah jadi, banyak guru yg jarang ngajar dikelas.

Belum lagi, banyak guru yg nggak bisa ngomong, gak bisa mengendalikan kelas.

Dan Ai buat bapak ibu guru seperti di atas tadi, adalah google dengan tema yang beda aja.",guru guru serius bikin tukin daftar ppg pppk kalau udah jadi banyak guru jarang ngajar kelas banyak guru ngomong kendali kelas ai bapak ibu guru atas tadi google tema beda
"anuuu mas gibran yang ganteng aww, murid murid kita saja masih belum memahami baca dan menulis dan tiba tiba harus dipersiapkan mendalami teknologi AI??? Like?? I know many children khusus nya sd kelas 5 atau 6 sudah mahir dalam menggunakan teknologi, but aku disini mau memberi tahu bahwa kita HARUS belajar dahulu memahami dasar-dasar pelajaran yang harus dipahami oleh siswa dahulu (seperti membaca, berhitung, mendalami, berpikir kritis, dan lain lain). That's why indonesia memiliki kekurangan dalam hal pendidikan dan susah dalam memahami pelajaran..please kita harus melihat literasi kita terlebih dahulu sebelum maju kepada masa depan menggunakan teknologi ini..",anuuu mas gibran ganteng aww murid murid paham baca tulis tiba tiba siap dalam teknologi ai like i know many children khusus nya sd kelas mahir guna teknologi but aku sini mau beri tahu ajar paham dasar dasar ajar paham siswa baca hitung dalam pikir kritis that s why indonesia milik kurang didik susah paham ajar please lihat literasi lebih maju masa depan guna teknologi
"Maksain ikut negara maju, tpi ga sadar belum d level itu 😅",maksain ikut negara maju tpi sadar d level
Ini goverment ga menyeluruh amat liat lapangannya.. pendidikan menurun karena guru ga nyaman ketahanan hidupnya.. bukannya bikin ketahanan dulu mau nafsuan mulu😂,goverment seluruh liat lapang didik turun guru nyaman tahan hidup bukan bikin tahan dulu mau nafsu mulu
AI Itu pelajaran yag dasarnya logika. Perkalian sama baca tulis kaga bisa kok. Udah lsg meloncat AI 😅😅,ai ajar yag dasar logika kali sama baca tulis kaga kok udah lsg loncat ai
"Bapak Gibran yang terhormat
Apakah bapak Gibran pernah mendengar istilah STEAM (Science (Sains), Technology (Teknologi), Engineering (Teknik), dan Mathematics (Matematika).  Kalau belum, kiranya saya boleh menjelaskan sedikit tentang STEAM. STEAM adalah suatu pendekatan pembelajaran yang menggabungkan  4 bidang ilmu di atas, kiranya bapak menghendaki pelajar Indonesia nantinya bisa bersaing secara global terkait bidang teknologi, mungkin kiranya bisa diterapkan metode steam dalam pembelajaran di sekolah-sekolah.  Terlebih banyak negara-negara maju yang sudah menerapkannya. Singkatnya pak Gibran yang di ubah itu bukan kemampuan coding atau AI nya tapi lebih ke metode pemikiran siswanya dalam belajar pak Gibran 
Makasih",bapak gibran hormat bapak gibran pernah dengar istilah steam science sains technology teknologi engineering teknik mathematics matematika kalau kira jelas sedikit steam steam suatu dekat ajar gabung bidang ilmu atas kira bapak hendak ajar indonesia nanti saing global kait bidang teknologi mungkin kira terap metode steam ajar sekolah sekolah lebih banyak negara negara maju terap singkat pak gibran ubah bukan mampu coding ai nya lebih metode pikir siswa ajar pak gibran makasih
"Ada baiknya pemerintah fokus untuk membuka jurusan pemrograman dan desai grafis untuk SMK,karena merekalah yang paling membutuhkan keterampilan itu untuk dunia kerja 😅",baik perintah fokus buka jurus pemrograman desa grafis smk mereka paling butuh terampil dunia kerja
"kalau banyak pendidikan didaerah yg tertinggal, masa 1 negara harus tertinggal? adil itu bukan sama rata. punya anak 2, 1nya SD 1nya SMA akan beda uang jajannya, akan beda tugas membantu orang tua dirumah. tugas pemerintah adalah memberikan pendidikan yg layak, lebih dari cukup kalau bisa, pada semua anak yg hidup di negara ini. untuk yg sudah dapat pendidikan cukup, dorong agar bisa merasakan pendidikan lebih dengan swadaya mandiri yg tidak memberatkan pihak siswa. kami warga sumatera sudah tau kalau kami tertinggal pendidikannya dengan orang orang di pulau jawa tapi kami tidak minta pendidikan di pulau jawa menunggu kami maju, tapi pendidikan di pulau jawab tetap harus melaju sesuai jalannya untuk memajukan indonesia. biarkan kami maju dengan sendirinya, tetap tanpa deskriminasi, siapa tau akan mengimbangi sendiri pada waktunya.",kalau banyak didik daerah tinggal masa negara tinggal adil bukan sama rata punya anak nya sd nya sma beda uang jajan beda tugas bantu orang tua rumah tugas perintah beri didik layak lebih cukup kalau semua anak hidup negara didik cukup dorong rasa didik lebih swadaya mandiri berat pihak siswa warga sumatera tau kalau tinggal didik orang orang pulau jawa minta didik pulau jawa tunggu maju didik pulau jawab tetap laju sesuai jalan maju indonesia biar maju sendiri tetap deskriminasi siapa tau imbang sendiri waktu
"Ai itu selalu sebuah TOOL/ALAT yang digunakan untuk membantu orang, bukan semena2 magic yang harus dipelajari. 
Belum lagi, ngapain diajari AI, seharusnya AI itu dipake untuk membantu mengajar orang",ai selalu buah tool alat guna bantu orang bukan semena magic ajar ngapain ajar ai ai dipake bantu ajar orang
"Betul sekali 👍 membaca dan menulis melatih otak bisa terus bekerja, efek positif menulis bisa mengingat lebih baik.",betul sekali baca tulis latih otak terus kerja efek positif tulis ingat lebih baik
"Saya guru dan saya setuju 😢 tidak penting sekali AI harus masuk langsung, ganti kurikulum lagi dll tidak penting karena sejatinya ujung tombak pertama adalah kualitas Guru",guru tuju penting sekali ai masuk langsung ganti kurikulum penting sejati ujung tombak pertama kualitas guru
Percuma... Kata mereka mending belajar agama 🤣,percuma kata mending ajar agama
Mau belajar apapun ujung2 nya ujian ekonomi apalagi ekonomi sulit situasi kemiskinan orang tua harus putar otak agar tetap eksis,mau ajar apa ujung nya uji ekonomi ekonomi sulit situasi miskin orang tua putar otak tetap eks
"Apakah antara pendidikan moral, karakter dengan pendidikan umum itu suatu PILIHAN? Apakah tidak bisa berjalan seiring bagai pasangan yang saling membutuhkan... anjjaay..😂 Bukannya Jawa Barat sudah memulai..??",didik moral karakter didik umum suatu pilih jalan iring bagai pasang saling butuh anjjaay bukan jawa barat mulai
"Dengan segala kelemahannya , Pendidikan Indonesia sebenarnya cukup canggih, 

karena anak anak Indonesia sudah disiapkan untuk ERA AI sejak lebih dari dua puluh tahun lalu. 

Indonesia itu sudah sangat maju pemikirannya—kita saja yang baru sadar.

Di awal 2000-an, saat banyak orang bahkan belum tahu AI itu apa, sistem pendidikan Indonesia sudah menaruh inti evaluasi pada bahasa dan logika. 

Lewat Ujian Nasional, sejak awal Bahasa Indonesia, Matematika, dan Bahasa Inggris konsisten menjadi mata pelajaran wajib.

Bukan karena pelajaran lain tidak penting, melainkan karena pemerintah memahami bahwa inilah fondasi masa depan.

Teknologi boleh berubah, tetapi kemampuan berpikir, bernalar, dan memahami bahasa akan selalu dibutuhkan.

Karena itu hafalan perlahan ditinggalkan. Soal-soal dibuat panjang, kontekstual, dan tidak mudah ditebak—bukan untuk mempersulit anak, melainkan untuk memaksa cara berpikir naik level.

Tanpa kita disadari, anak Indonesia sebenarnya sudah disiapkan untuk era AI sejak dua puluh tahun yang lalu.",segala lemah didik indonesia benar cukup canggih anak anak indonesia siap era ai sejak lebih puluh tahun lalu indonesia sangat maju pikir baru sadar awal an banyak orang bahkan tahu ai apa sistem didik indonesia taruh inti evaluasi bahasa logika lewat uji nasional sejak awal bahasa indonesia matematika bahasa inggris konsisten jadi mata ajar wajib bukan ajar penting perintah paham ini fondasi masa depan teknologi ubah mampu pikir nalar paham bahasa selalu butuh hafal perlahan tinggal soal soal buat panjang kontekstual mudah tebak bukan sulit anak paksa cara pikir naik level sadar anak indonesia benar siap era ai sejak puluh tahun lalu
Setuju sih ini tambah tambahan aja dak bisa bikin ai yang harus kuat logikanya wkwkw,tuju sih tambah tambah dak bikin ai kuat logika wkwkw
"​ @jastipmiegacoan  bagi orang biasa jangankan ngeprint, mikir keyword google buat nyeselesaiin masalah yang di hadapi aja bingung.",jastipmiegacoan orang biasa jangan ngeprint mikir keyword google nyeselesaiin masalah hadap bingung
Benar banget. Perhitungan dasar aja masih ngaco mau langsung AI. wkwkwk,benar banget hitung dasar ngaco mau langsung ai wkwkwk
"Bener ini, harusnya memperkuat dulu basic kaya calistung. Kan contohnya udah ada, banyak murid SMP di Buleleng Bali pada gak bisa baca tapi pada bisa main hp. Ngapain ngerti AI tapi baca aja gak bisa.",bener harus kuat dulu basic kaya calistung kan contoh udah banyak murid smp buleleng bal baca main hp ngapain ngerti ai baca
Zaman sekarang aja anak sekolah klo ngerjain PR pada pake chatgpt nilainya 100 semua. Giliran ulangan di sekolah hasilnya setengah kebawah 😅,zaman sekarang anak sekolah klo ngerjain pr chatgpt nilai semua gilir ulang sekolah hasil tengah bawah
"Dari duluuu. Berapa kali kurikulum ganti tanpa ada evaluasi dan perbaikan. Kalo gak bagus, langsung ganti. Padahal negara kecil macem Finnland aja butuh 30an tahun buat pendidikannya maju. Indonesia butuh kurleb 50 tahun atau lebih, jangan gonta ganti kurikulum kalau mauu. W rasa pengawas dan dinas pendidikan yg berangkat dari guru juga udah banyak ngomong, tapi lagi2 kebijakan diambil sama orang2 yg jarang masuk kelas, cuma ambis dan cari keuntungan tanpa lihat akar masalah secara komprehensif.",duluuu berapa kali kurikulum ganti evaluasi baik bagus langsung ganti padahal negara kecil macem finnland butuh an tahun didik maju indonesia butuh kurleb tahun lebih jangan gonta ganti kurikulum kalau mauu w rasa awas dinas didik berangkat guru udah banyak ngomong bijak ambil sama orang jarang masuk kelas cuma ambis cari untung lihat akar masalah komprehensif
"@KethekPemat  cakeeep. Semua berhubungan, dan ngaruh satu sama lain sih, bahkan matematika yg sering di-klaim bukan menghafal..Misalnya, perkalian dasar lu hapal, tapi lu mesti paham dan ngerti darimana asalnya perkalian, oh pertambahan angka yg sama dan berulang. Udh masuk operasi hitung, lu kan mesti hapal juga rumusnya, lalu paham operasi hitungnya...",kethekpemat cakeeep semua hubung ngaruh satu sama sih bahkan matematika sering klaim bukan hafal misal kali dasar lu hapal lu mesti paham ngerti darimana asal kali tambah angka sama ulang udh masuk operasi hitung lu kan mesti hapal rumus lalu paham operasi hitung
"​ @wiszking87 Lol, kalo perkalian dasar satu digit aja gak hafal, gimana mengerjakan matematika yang rumit?

Menghafal itu dasar dari pembelajaran.",wiszking lol kali dasar satu digit hafal gimana kerja matematika rumit hafal dasar ajar
"Pembelajaran yang terlalu fokus pada hafalan membuat siswa hanya mengingat tanpa benar-benar memahami. Akibatnya, banyak yang tidak tahu konteks atau manfaat dari apa yang dipelajari. Yang lebih penting adalah menumbuhkan pemahaman dan berpikir kritis, bukan sekadar menghafal jawaban.",ajar terlalu fokus hafal buat siswa ingat benar benar paham akibat banyak tahu konteks manfaat apa ajar lebih penting tumbuh paham pikir kritis bukan sekadar hafal jawab
"100%. bukan cuman di AI doang tapi dimana aja. lagian aja liatlah raja asean kegelapan (spore), senior man powernya di didik lagi biar bisa pake AI atau setidaknya bisa mengimbangi dijaman AI yg UDAH PASTI akan datang. klo nungguin semua rata mah keburu AI jadi bentuk yg beda lagi.

lagian bikin aja pilot schoolnya dulu gausah kurikulum menyeluruh klo gamau ribet",bukan cuman ai doang lagi liat raja asean gelap spore senior man powernya didik ai imbang jam ai udah datang klo nungguin semua rata mah keburu ai jadi bentuk beda lagi bikin pilot schoolnya dulu gausah kurikulum seluruh klo gamau ribet
"Dear pembuat kebijakan atau yg minta dibuatkan kebijakan....

Pendidikan kita ini mau ngejar gengsi kah biar dikata maju oleh negara lain? Mau bikin rumah yang kuat kok malah duluan gentengnya sedangkan pasaknya aja masih lemah?

Saya sendiri melihat banyak anak2 yang belum mampu berlogika dengan baik.... cuma tau main tiktok tapi belum kenal aplikasi Microsoft Word dll.... mereka belajar TIK, hanya menghafal di buku LKS.. bisa nggak ngejar AI?

Bagi masyarakat kota besar, mungkin masih mudah disiasati. Tapi nanti terjadi kesenjangan...  mungkin ada yang bisa mengikuti, tapi ada juga yang merasa kewalahan.... beresin dulu pasak yang ada gih",dear buat bijak minta buat bijak didik mau ngejar gengsi kata maju negara mau bikin rumah kuat kok malah duluan genteng pasak lemah sendiri lihat banyak anak mampu logika baik cuma tau main tiktok kenal aplikasi microsoft word ajar tik hafal buku lks ngejar ai masyarakat kota besar mungkin mudah siasat jadi senjang mungkin ikut rasa kewalahan resin dulu pasak gih
"Perlu diperjelas, belajar AI apa belajar ngeprompt doang? Kalo belajar AI harus ngerti coding dulu minimal",perlu jelas ajar ai apa ajar ngeprompt doang ajar ai ngerti coding dulu minimal
"Di Sekolah Dasar, PR kita masih Masik banyak bingit, banyak yang belum bisa lancar membaca, memahami isi teks, EYD yang masih acak-acakan

Matematika dasar (Penjumlahan, Pengurangan, Perkalian, Pembagian) yang masih wadidaw banget 

Anak-anak sekarang mudah lupa dan susah inget.
Padahal itu dasar untuk pijakan ke pemahaman selanjutnya 😅😅😅",sekolah dasar pr masik banyak bingit banyak lancar baca paham isi teks eyd acak acak matematika dasar jumlah kurang kali bagi wadidaw banget anak anak sekarang mudah lupa susah inget padahal dasar pijak paham lanjut
Saya rasa ini lebih ke politis. Kalau mau menyadari harusnya pemerintah menata dulu kekurangan guru saat ini yg mengalami gelombang pensiun. Tidak imbang yg keluar dg yg masuk. Apalagi ada kebijakan tidak boleh merekrut honorer. Ini saja belum rampung kakak,rasa lebih politis kalau mau sadar harus perintah tata dulu kurang guru alami gelombang pensiun imbang keluar dg masuk bijak rekrut honorer rampung kakak
"pemikiran seorang wakil presiden kok gitu si, emangnya semua sekolah indonesia itu siap? coba ke daerah2 dulu bro liat ke lapangan, gw yakin mereka ga siap semua mulai dari guru dan juga anak2nya, kita itu udah tertinggal jauh dari dunia, ya ngejarnya pelan2 dong mulai yang dasar dulu, jangan apa2 ngikuti negara lain, yg udah siap secara orang2nya dan pendukungnya, ASLI KETAWA TERUS TIAP PRESIDEN DAN WAKIL DAN JAJARANNYA BIKIN GEBRAKAN GA SESUAI, DAN MALU DILIAT NEGARA LAIN APALAGI TETANGGA",pikir orang wakil presiden kok gitu si emang semua sekolah indonesia siap coba daerah dulu bro liat lapang gw yakin siap semua mulai guru anak nya udah tinggal jauh dunia ngejarnya pelan dong mulai dasar dulu jangan apa ngikuti negara udah siap orang nya dukung asli ketawa terus tiap presiden wakil jajar bikin gebrak sesuai malu liat negara tetangga
masalahnya gurunya aja ga ngerti AI. Ini narasumbernya ngerti ai ga?,masalah guru ngerti ai narasumber ngerti ai
gw jadi penasaran defenisi pengguna/pengembang AI yg dia bayangkan kira2 seperti apa kali yah,gw jadi penasaran defenisi guna kembang ai bayang kira apa kali yah
"Ekosistem nya mesti jelas.. Roadmap pendidikan kita mesti selaras dengan input yang masuk.

Standar disesuaikan dengan local wisdom nya..",ekosistem nya mesti jelas roadmap didik mesti selaras input masuk standar sesuai local wisdom nya
"Waktu jaman nadiem skor pisa itu dikejar banget. Sekarang, dengan efisiensi/pemotongan anggaran pendidikan, meski AI sifatnya tidak wajib, tapi pengadaan programnya mengambil sumber daya yg tidak sedikit. Penguatan literasi & numerasi makin terpinggirkan.",waktu jaman nadiem skor pisa kejar banget sekarang efisiensi potong anggar didik meski ai sifat wajib ada program ambil sumber daya sedikit kuat literasi numerasi makin pinggir
"perhitungan aja masih banyak yang belum bisa, kok pengen jadi pengembang AI, bisa-bisa liat notasi matematika udah semaput duluan.",hitung banyak kok ken jadi kembang ai liat notasi matematika udah semaput duluan
Menurutku ai bagus sih tapi yang jadi prioritas memang harus pemerataan pendidikan dan kesejahteraan guru. Jadi ga perlu menolak sih tapi harus utamakan prioritasnya.,turut ai bagus sih jadi prioritas memang perata didik sejahtera guru jadi perlu tolak sih utama prioritas
"Kalau negara² lain berusaha agar  “1 step ahead“ Indonesia dengan segala narasinya berusaha untuk yang ""biasa² aja"", kalau perlu “1 step behind“ negara lain.",kalau negara usaha step ahead indonesia segala narasi usaha biasa kalau perlu step behind negara
@MuifAha  wkwkwkwk aih,muifaha wkwkwkwk aih
"Sebagai dosen yang mengajar kalkulus, saya mengonfirmasi hal ini. Saya menemukan banyak mahasiswa yang perhitungan dasar saja masih belum benar konsepnya. Literasi numerasi termasuk logika perhitungan menjadi salah satu kemampuan yang harus dibekali ke anak-anak.",dosen ajar kalkulus konfirmasi temu banyak mahasiswa hitung dasar benar konsep literasi numerasi masuk logika hitung jadi salah satu mampu bekal anak anak
"Dikarenakan masih banyak sekolah yang masih belum siap, makanya tidak diwajibkan bagi semua sekolah untuk menghadirkan mata pelajaran AI. Kalau kita tidak secepat-cepatnya mengadopsi AI kedalam kurikulum kita, ditakutkan kita akan semakin tertinggal dan pada akhirnya tidak mampu mengejar jarak yang ada antara kita dan negara-negara lain.",karena banyak sekolah siap makanya wajib semua sekolah hadir mata ajar ai kalau cepat cepat adopsi ai dalam kurikulum takut makin tinggal akhir mampu kejar jarak negara negara
"jangan salah, Ai yang di maksud wakil presiden alias gibran dan pengikutnya

bukan Bikin ai dari 0,

itu cuma belajar prompt anjir. padahal prompt itu basiknya kita menulis masalah yang di hadapin ke AI.

Biar AI yang bantu kelarin masalah, masa iya ini masuknya ke pelajaran AI. padahal ini dasar bahasa indonesia dasar kehidupan,

harusnya ya secara bawaan orang biasa bisa jelasin masalah ke AI.

jangan mikir terlalu jauh kalo pelajaran AI mau bikin AI / Applikasi",jangan salah ai maksud wakil presiden alias gibran ikut bukan bikin ai cuma ajar prompt anjir padahal prompt basiknya tulis masalah hadapin ai ai bantu kelarin masalah masa iya masuk ajar ai padahal dasar bahasa indonesia dasar hidup harus bawa orang biasa jelasin masalah ai jangan mikir terlalu jauh ajar ai mau bikin ai applikasi
" @AstomoPancoroPutro  yap, gw rasa gibran dan lainya semuanya hanya tahu kalo Ai itu sebatas prompt

Dan yang di pelajarin prompt, anjir

bikin prompt itu basik bepikir orang buat nyampain masalah yang di hadapin, masa iya gk bisa jelasin apa yang lagi dihadapin",astomopancoroputro yap gw rasa gibran lai semua tahu ai batas prompt pelajarin prompt anjir bikin prompt basik bepikir orang nyampain masalah hadapin masa iya gk jelasin apa dihadapin
Bikin animasi brain rot,bikin animasi brain rot
mengapa POVnya belum urgen : karena pakai pola pikir yang ketinggalan. dan kurikulum kita selalu tertinggal,povnya urgen pakai pola pikir tinggal kurikulum selalu tinggal
Penerapan pembelajaran AI sebaiknya bertahap. Bisa diujicobakan /piloting dulu pada sekolah-sekolah yang dinilai siap.,terap ajar ai baik tahap diujicobakan piloting dulu sekolah sekolah nilai siap
"Menurut saya, memasukkan AI ke dalam kurikulum pendidikan dasar hingga SMA di Indonesia adalah langkah visioner. Ini akan membekali generasi muda dengan keterampilan yang relevan untuk masa depan, meningkatkan daya saing bangsa, dan memastikan mereka siap menghadapi dunia yang semakin terotomatisasi. Tantangannya adalah memastikan kesiapan guru, infrastruktur, dan materi yang sesuai, tapi jika berhasil, dampaknya bisa sangat positif.",masuk ai kurikulum didik dasar hingga sma indonesia langkah visioner bekal generasi muda terampil relevan masa depan tingkat daya saing bangsa pasti siap hadap dunia makin otomatisasi tantang pasti kesiap guru infrastruktur materi sesuai hasil dampak sangat positif
"Harusnya Optimis lah, benar emang banyak yg harus diperbaiki..minimal kalo GK bsa semua..tapi udh ada sekolah sekolah yg jdi pionir",harus optimis lah benar emang banyak baik minimal gk bsa semua udh sekolah sekolah jdi pionir
"Sekolah rata-rata masih mementingkan menulis catatan rapi, cantik, dan makin panjang catatan makin banyak yg diketahui, yg ternyata hanya memindahkan isi tulisan buku teks ke buku tulis. Catatan yg efektif dan kesimpulan isi buku cuma dpt 70. Jangan kan AI,berfikir kritis saja tidak bisa.",sekolah rata rata penting tulis catat rapi cantik makin panjang catat makin banyak tahu nyata pindah isi tulis buku teks buku tulis catat efektif simpul isi buku cuma dpt jangan kan ai berfikir kritis
"IMO, ga cuma AI, butuh literasi media. Sekarang ini tingkat literasi di Indonesia masih rendah dan jangkauan teknologi juga belum terlalu tercover. Belum lagi kalau mau bikin pabrik komputer dan hp di Indonesia juga masih belum bisa produksi yang murah dan lumayan akibat kebijakan usaha yang ribet. Okelah mau bikin mata pelajaran AI, tapi basic kebutuhan infrastruktur harus ada dulu.",imo cuma ai butuh literasi media sekarang tingkat literasi indonesia rendah jangkau teknologi terlalu tercover kalau mau bikin pabrik komputer hp indonesia produksi murah lumayan akibat bijak usaha ribet oke mau bikin mata ajar ai basic butuh infrastruktur dulu
"Ratakan pendidikan mendasar dulu sampai pelosok negeri, naikkan gaji guru khususnya guru pesantren, tuntas habis korupsi, baru kita ngomongin AI",rata didik dasar dulu pelosok negeri naik gaji guru khusus guru pesantren tuntas habis korupsi baru ngomongin ai
Ai mmbuat kita berhenti berpikir apalagi yg namanya kritik sumber. AI bertolak belakwng dnhn semangat Literasi,ai mmbuat henti pikir nama kritik sumber ai tolak belakwng dnhn semangat literasi
"Boro boro AI... Tadi anak saya di ajari cara bikin wesel di sekolah, pelajaran jaman batu",boro boro ai tadi anak ajar cara bikin wesel sekolah ajar jaman batu
"Program pemerintah jujur bagus jika diterapkan, namun terkesan tergesa-gesa, seperti gak mempersipakan dengan matang dengan memepertimbangkan problematika di Indonesia. Pemeirntah semacam tidak riset dahulu sebelum buat kebijakan jadi hanya usulan- usulan tapi gak memperhatikan masalah-masalah yang harusnya jadi prioritas evaluasi dan pembenahan. Jangan jadikan siswa-siswa apalagi guru menjadi kelinci percobaan.",program perintah jujur bagus terap kes gesa gesa mempersipakan matang timbang problematika indonesia pemeirntah macam riset bijak jadi usul usul perhati masalah masalah harus jadi prioritas evaluasi benah jangan jadi siswa siswa guru jadi kelinci coba
"Bagi sekolah2 yang gak siap fasilitas boleh kok tidak menyelenggarakan mapel Koding dan Kecerdasan Artifisial (KKA) ini. Tapi perlu diketahui, di mapel KKA ini nanti, Koding gak harus di depan komputer/gadget. Metode unplugged bisa diterapkan pada mapel Koding & KA di sekolah dasar yang belum memiliki lab komputer misalnya. Jika sudah memiliki maka bisa menggunakan metode Plugged. Jangan dibayangkan koding adalah melulu menulis baris perintah (prompt). Pengenalan AI pada usia sekolah juga bertujuan mengenalkan etika penggunaan tool2 AI agar lebih bermanfaat dan tidak disalahgunakan.",sekolah siap fasilitas kok selenggara mapel koding cerdas artifisial kka perlu tahu mapel kka koding depan komputer gadget metode unplugged terap mapel koding ka sekolah dasar milik lab komputer misal milik guna metode plugged jangan bayang koding melulu tulis baris perintah prompt kenal ai usia sekolah tuju kenal etika guna tool ai lebih manfaat disalahgunakan
Yang perlu di dudukan itu pola fikir anak didik. AI itu tindak lanjut lebih jauh dari pemograman. kuncinya ada di logika. apa pelajaran logika ada disekolah? kayaknya enggak deh.,perlu duduk pola fikir anak didik ai tindak lanjut lebih jauh pemograman kunci logika apa ajar logika seko kayak enggak deh
"Indonesia sepertinya belum membutuhkan itu dulu,karena bisa dibilang masih terlalu jauh untuk kulitas level Pendidikan kita nya.
 
Level pendidikan (Kualitas untuk siswa,program pemerintah dan institusi pendidikan) pada suatu negara:

1.poor
2.fair
3.good
4.great
5.excellent

Dan kita masih di level 1 (poor),mau mengaplikasikan AI untuk dimasukan kekurikulum dan belajar percoding an? itu mah biarin aja tugas jurusan teknik informatika kali🙃.yg hrusnya dimasukin tuh yg standard aja,untuk keperluan individu nya dulu untuk berkembang kyk pembelajaran untuk berpikir kritis,problem solving dan literasi.Nah,itu lbh dibutuhkan,bahkan dalam kehidupan dan pekerjaan nnti,ga disekolah aja. Sepertinya,ini hanya keinginan nya saja yg berambisi. Tp,sebelum menciptakan siswa yg seperti itu,beliau tidak mengedepankan teknik dasarnya dahulu😢yg lbh diperlukan. Malah langsung jauh kedepan gebrakannya.itu udh kyk anak yg diminta ngerjain pecahan tp tanpa tahu perkalian,pembagian,pengurangan dan pertambahan.

So,remember,kualitas pendidikan itu tidak diukur untuk para siswa/anak anak bangsa saja,tp kurikulum yg digunakan yg di putuskan instansi pendidikan di pemerintah sudah efektif belum?Sudah cocok belum dengan standard level pendidikan kita saat ini? Itu yg patut dipertanyakan. Semoga bisa mengambil tindakan yang tepat,walau selangkah demi selangkah,karena itu lbh baik drpd tidak melangkah sama sekali. Semoga pendidikan di negeri ini bisa lebih maju lagi.",indonesia seperti butuh dulu bilang terlalu jauh kulitas level didik nya level didik kualitas siswa program perintah institusi didik suatu negara poor fair good great excellent level poor mau aplikasi ai masuk kurikulum ajar percoding an mah biarin tugas jurus teknik informatika kali hrusnya dimasukin tuh standard perlu individu nya dulu kembang kyk ajar pikir kritis problem solving literasi nah lbh butuh bahkan hidup kerja nnti seko seperti ingin nya ambisi tp cipta siswa beliau depan teknik dasar lbh perlu malah langsung jauh depan gebrak udh kyk anak minta ngerjain pecah tp tahu kali bagi kurang tambah so remember kualitas didik ukur siswa anak anak bangsa tp kurikulum guna putus instansi didik perintah efektif cocok standard level didik patut tanya moga ambil tindak tepat selang selang lbh baik drpd lang sama sekali moga didik negeri lebih maju
Mestinya yg lebih fundamental dulu : critical thinking & computational thinking. AI AI nanti ajalah.,mesti lebih fundamental dulu critical thinking computational thinking ai ai aja
"Belajar dari kasus mahasiswi ITB, AI tanpa ahlak akan jadi bencana",ajar kasus mahasiswi itb ai ahlak jadi bencana
"Tidak ada yang salah kok dengan memasukkan AI dalam kurikulum. Sebagian besar orang kan taunya AI itu  cuma nge-prompt atau bicara dengan chatbot. Padahal AI sendiri punya sejarah panjang, dan melihat perkembangan saat ini, tentu sangat pantas untuk dijadikan mata pelajaran sendiri.",salah kok masuk ai kurikulum bagi besar orang kan tau ai cuma nge prompt bicara chatbot padahal ai sendiri punya sejarah panjang lihat kembang sangat pantas jadi mata ajar sendiri
"Lebih baik focus dlu d kota2 besar, agar muncul bibit persaingan global di masa depan. 
di cina per sept 2025 SD - SMP tahun wajib mempelajari AI. 

Jgn anggap enteng perekembangan Artificial intelligence, AI itu bukan hanya sekedar bikin lagu, bikin video, bikin gambar, ada ribuan fungsi lain nya",lebih baik focus dlu d kota besar muncul bibit saing global masa depan cina per sept sd smp tahun wajib ajar ai jgn anggap enteng perekembangan artificial intelligence ai bukan dar bikin lagu bikin video bikin gambar ribu fungsi nya
"Perbaiki hal yang fundamental terkait baca tulis dan menghitung, menghafal memahami, baru lari ke ai setelahnya.",baik fundamental kait baca tulis hitung hafal paham baru lari ai telah
Buzzer Rp. Sekolah tidak di fasilitasi tapi di paksakan,buzzer rp sekolah fasilitas paksa
"@Ya_Sudahlah88  Kalau masih bingung, mungkin kita butuh AI buat ngajarin guru dulu, baru muridnya ;)",sudah kalau bingung mungkin butuh ai ngajarin guru dulu baru murid
"Emang perlu sih. Terutama memakai AI dalam problem solving, memahami cara kerja AI, dan batasan2 dalam penggunaan AI.

Soalnya miris dengan para netizen. Kritiknya pedes2 tapi konsep gak ngerti. Paling gak dibudayakan cari referensi termasuk dengan bantuan AI sebelum komentar.",emang perlu sih utama pakai ai problem solving paham cara kerja ai batas guna ai soal miris netizen kritik pedes konsep ngerti paling budaya cari referensi masuk bantu ai komentar
yg buat ai orang sono.. kita pengguna aja,ai orang sono guna
"Minimal tau prioritas lah!! Sekolah di daerah itu banyak yang infrastruktur sekolah nya gak bener, minim buku pelajaran, guru-guru yang gak kompeten dalam mengajar, dan lainnya. Kalo ditingkat nasional aja gak bisa menentukan prioritas apa yang penting ya pantes aja pendidikan Indonesia dari dulu jelek dan gak maju-maju, yang maju cuma daerah perkotaan itu pun yang swasta-swasta.",minimal tau prioritas lah sekolah daerah banyak infrastruktur sekolah nya bener minim buku ajar guru guru kompeten ajar lain tingkat nasional tentu prioritas apa penting pantes didik indonesia dulu jelek maju maju maju cuma daerah kota swasta swasta
"Murid mana butuh guru lagi, kalo mereka sudah lancar ber-AI?",murid mana butuh guru lancar ber ai
"bukan cuman di AI doang tapi dimana aja. lagian aja liatlah raja asean kegelapan (spore), senior man powernya di didik lagi biar bisa pake AI atau setidaknya bisa mengimbangi dijaman AI yg UDAH PASTI akan datang. klo nungguin semua rata mah keburu AI jadi bentuk yg beda lagi.

lagian bikin aja pilot schoolnya dulu gausah kurikulum menyeluruh klo gamau ribet.",bukan cuman ai doang lagi liat raja asean gelap spore senior man powernya didik ai imbang jam ai udah datang klo nungguin semua rata mah keburu ai jadi bentuk beda lagi bikin pilot schoolnya dulu gausah kurikulum seluruh klo gamau ribet
kalau mau belajar ai sediain dulu alat-alatnya ke sekolah-sekolah...jangan cuma nuntut ini itu tapi gak memfasilitasi...,kalau mau ajar ai ain dulu alat alat sekolah sekolah jangan cuma nuntut fasilitas
"smoga dia tidak berasumsi bahwa smua orang  memiliki ""taraf otak"" selevel dia, karena mungkin bagi dia AI sangat membantu bagi otaknya yang terbatas",smoga asumsi smua orang milik taraf otak level mungkin ai sangat bantu otak batas
"Jangankan AI ,ngitung sama pengetahuan umum aja pada banyak yang zonk",jangan ai ngitung sama tahu umum banyak zonk
"Yang harus digenjot lebih harusnya tentang riset AI dan pengimplementasian nya pada efisiensi pemerintahan, bikin regulasi perlindungan tenaga kerja terhadap AI itu lebih mendesak, ada mapel AI tapi di indo lingkungan nya pengembangan AI dan institusi pemerintahan yang masih rendah teknologi buat apa? bagusnya itu fasilitasi pengembangan AI baru mapel",genjot lebih harus riset ai implementasi nya efisiensi perintah bikin regulasi lindung tenaga kerja ai lebih desak mapel ai indo lingkung nya kembang ai institusi perintah rendah teknologi apa bagus fasilitas kembang ai baru mapel
"Tujuannya agar ga cuma jadi pengguna teknologi, tapi demo yg dipraktekin ama dia cuma jadi pawang prompt doang 😅",tuju cuma jadi guna teknologi demo dipraktekin ama cuma jadi pawang prompt doang
Bikin perusahaan semikonduktor / microchip dulu seperti Nvidia baru bikin teknologi Ai.,bikin usaha semikonduktor microchip dulu nvidia baru bikin teknologi ai
Bukan make guys bikin kalo di kuliahan di luar sama di kampus negri keknya ada tuh kecerdasan buatan,bukan make guys bikin kuliah luar sama kampus negri kek tuh cerdas buat
Akses kesekolah dulu itu gimana AI bisa menyelesaikan masalahnya,akses seko dulu gimana ai selesai masalah
"Kapan?
Ntar klw sudah d level butuh..
Skrg kita selesaikan masalah mendasar.
1. Menghilangkan pengaruh politik dibidang pendidikan
2. Peningkatan kompetensi guru.

Klw ini g selesai ya wasallam",kapan ntar klw d level butuh skrg selesai masalah dasar hilang pengaruh politik bidang didik tingkat kompetensi guru klw g selesai wasallam
sekolah swasta apalagi unggulan udh pada siap dan bbrapa masukin duluan..,sekolah swasta unggul udh siap bbrapa masukin duluan
"Yang kita tanam di negeri ini bukan cuma pengetahuan dan ai , tapi lebih penting adab dan etika. Percuma pintar pakai ai tapi korupsi, hacker, pembuatan berita hoax dsb",tanam negeri bukan cuma tahu ai lebih penting adab etika percuma pintar pakai ai korupsi hacker buat berita hoax
Kenapa sih harus pake bahasa Inggris 'aware' ??? Bukannya bisa pakai kata 'sadar' atau 'kesadaran' ???,sih bahasa inggris aware bukan pakai kata sadar sadar
"Karena yang nyuruh belajar AI Gibran, jadi anak2 pada males.
Coba yang nyuruh KDM, pasti anak2 pada takut didatengin kerumah mau dibawa ke Barak Rusia.",nyuruh ajar ai gibran jadi anak males coba nyuruh kdm anak takut didatengin rumah mau bawa barak rusia
"Paling kocak itu MAPPI AI yg di sahkan di papua, kita semua tau papua dari segi pendidikan kayak gimana (guru jarang ngajar di kelas, internet di sana susah, mau belajar harus lewati jembatan rusak, gaji guru murah tapi harga2 mahal, dll) dg kondisi tsb mau di terapkan di papua hahahaha kocak 🤣🤣",paling kocak mappi ai sahkan papua semua tau papua segi didik kayak gimana guru jarang ngajar kelas internet sana susah mau ajar lewat jembatan rusak gaji guru murah harga mahal dg kondisi tsb mau terap papua hahahaha kocak
"widih boro2 AI,adek2 kita coba deh disuruh pegang mouse keyboard mantengin monitor dan belajar microsoft dulu😮 ya kali bisanya edit2 pake prompt doang",widih boro ai adek coba deh suruh pegang mouse keyboard mantengin monitor ajar microsoft dulu kali bisa edit prompt doang
"Belum!!! Bahkan ga urgent! Bikin males entar. Sekarang aja belajarnya ga jelas, apalagi dikasih ai.",bahkan urgent bikin males entar sekarang ajar jelas kasih ai
"Bahkan sekelas Uni Eropa aja gak ada yang bisa bikin ""Nvidia"" lain, paling bagus ya UK dengan ARM sama Belanda dengan ASML nya buat mesin litografi yang dipake sama TSMC buat bikin chip. China juga belum bisa bikin VGA yang menyaingi performa Nvidia. Apalagi dengan kondisi pemerintah kita yang sekarang sangat gak meyakinkan kita bisa punya industri semikonduktor. Dan kalo pun kita punya pemerintah yang kompeten sekarang, industri semikonduktor kita pun bakal butuh puluhan tahun buat bisa berkembang dengan baik.",bahkan kelas uni eropa bikin nvidia paling bagus uk arm sama belanda asml nya mesin litografi dipake sama tsmc bikin chip china bikin vga saing performa nvidia kondisi perintah sekarang sangat yakin punya industri semikonduktor punya perintah kompeten sekarang industri semikonduktor bakal butuh puluh tahun kembang baik
" @MadokaHiguchichwaan  lagian pemerintah aneh investasi raksasa teknologi sekelas Apple yg butuh semikonduktor malah tidak berinvestasi di Indonesia malah pilih Vietnam & Nvidia juga pilih Vietnam,ekosistem nya saja sulit mending korup dan nepotisme.",madokahiguchichwaan lagi perintah aneh investasi raksasa teknologi kelas apple butuh semikonduktor malah investasi indonesia malah pilih vietnam nvidia pilih vietnam ekosistem nya sulit mending korup nepotisme
"Teknologi AI bukan Hanya Mesin Yang Tahu segalanya Bang, Ada Banyak Sekali Jenis AI Yang Ringan Yang Bahkan lu bisa Buat Lewat HP dengan Cara koding, Seperti Neural Net Dan MA Reinforcement Learning, Yang Tidak Memakai Ram Banyak, Kegunaan Game ini Bisa Untuk Simulasi Atau Musuh Untuk Game Game RPG, FPS dll, Jadi Kata2 ""AI"" Itu Sesimple ini, mungkin Ya materi2 ini tuh baru diajarin di kuliah IT Semester 2 atau lebih. Mungkin yg dimaksud gibran ya AI skala Mudah ini, Tapi y amburadul Akhirnya, Kita berfikir aja susah, Apalagi Disuruh koding 😅",teknologi ai bukan mesin tahu segala bang banyak sekali jenis ai ringan bahkan lu lewat hp cara koding neural net ma reinforcement learning pakai ram banyak guna game simulasi musuh game game rpg fps jadi kata ai sesimple mungkin materi tuh baru diajarin kuliah it semester lebih mungkin maksud gibran ai skala mudah y amburadul akhir berfikir susah suruh koding
"Maksud nya pak wakil presiden mungkin, dgn ai semua bisa jd mudah tinggal ngeprompt doang, kayak dulu Dy ngeprompt MK bisa jd wapres 😅. Tp klo ngeprompt gitu kan hasilnya sesuai tp ilmu nya gak ada 😅",maksud nya pak wakil presiden mungkin ai semua jd mudah tinggal ngeprompt doang kayak dulu dy ngeprompt mk jd wapres tp klo ngeprompt gitu kan hasil sesuai tp ilmu nya
"Duar.. ntar trnyata cuma ngeprompt doang, krna guru yg di bidang AI/ML blom banyak .",duar ntar trnyata cuma ngeprompt doang krna guru bidang ai ml blom banyak
"Fasilitas komputer di sekolah terutama sekolah di daerah itu masih dibawah kata minimum, bahkan ada yang tidak ada sama sekali,, apa apaan kurikulum AI,,, mungkin kalau korupsi dana bos di berantas dulu, terus di imbangin dengan peningkatan fasilitas secara bertahap baru mungkin bisa belajar Ms. Office sama Cara ngeprint,, kalau AI, coding, rasanya nambah masalah itu mah.",fasilitas komputer sekolah utama sekolah daerah bawah kata minimum bahkan sama sekali apa apa kurikulum ai mungkin kalau korupsi dana bos berantas dulu terus imbangin tingkat fasilitas tahap baru mungkin ajar ms office sama cara ngeprint kalau ai coding rasa nambah masalah mah
AI yang dimaksud Fufufafa pasti cuma ngeprompt doang,ai maksud fufufafa cuma ngeprompt doang
"sebelum komentar ga jelas, saya kasih tau dulu
AI itu ga sama dengan pemograman, AI itu buat Programmer Junior hilang kerjaan, kayak saya skrg, daripada cari junior mending minta AI yg code, langsung jadi, tinggal revisi sana sini, jadi tolong jgn suruh pemerintah buat orang bljr koding ya, ga lihat tu Tech Giant pada pecat karyawan? Microsoft baru pecat 6000-7000 karyawan, salah satu Senior Software Engineer yg buat Typescript aja kena pecat.
Kalau AI masuk kurikulum Pendidikan, dampak positif siswa jadi lebih cerdas karena penjelasan lebih detail dan komprehensif, ada pertanyaan juga ga takut tny. Negatifnya, guru jadi ga gtu berguna, karena saya yakin 100%, di Indonesia guru yg pengetahuan lebih kuat dari AI itu masih minoritas",komentar jelas kasih tau dulu ai sama pemograman ai programmer junior hilang kerja kayak skrg cari junior mending minta ai code langsung jadi tinggal revisi sana sini jadi jgn suruh perintah orang bljr koding lihat tu tech giant pecat karyawan microsoft baru pecat karyawan salah satu senior software engineer typescript kena pecat kalau ai masuk kurikulum didik dampak positif siswa jadi lebih cerdas jelas lebih detail komprehensif tanya takut tny negatif guru jadi gtu guna yakin indonesia guru tahu lebih kuat ai minoritas
"Ai tu gampang, kalau sudah bisa coding. Kalau anak anak menguasai coding, jangankan ai, robotpun gempil.",ai tu gampang kalau coding kalau anak anak kuasa coding jangan ai robot gempil
"Di bayangan wapres ketik prompt, atau bikin animasi brain rot tung tung sahur dari mukanya 😂😂",bayang wapres ketik prompt bikin animasi brain rot tung tung sahur muka
buat anak makin malass… kita yamg sudah kerja aja jadi makin malaspake AI,anak makin malass yamg kerja jadi makin malaspake ai
"Dah lah si wapres ganti AI aja, si gibran bukannya ngasi solusi malah jadi salah 1 akar masalah 🤦😖",dah lah si wapres ganti ai si gibran bukan ngasi solusi malah jadi salah akar masalah
Biar tidak perlu ijazah sekolah 😂 cukup screenshot chat AI,perlu ijazah sekolah cukup screenshot chat ai
Ai hanya untuk negara yang bisa menerima budaya barat istilah kata jadi negara maju,ai negara terima budaya barat istilah kata jadi negara maju
Duh! Literasi digitalnya aja masih jelek.. gimana bener makai Ai nyaa,duh literasi digital jelek gimana bener maka ai nyaa
Gurunya saja belum menyeluruh...,guru seluruh
"meme yang tangga dilangkahin itu cocok untuk menggambarkan. 
-gaji guru rendah
- fasilitas jelek 
- kompetensi guru 
- skor pisa rendah 
- tau2 pengen nerapin teknologi 
beresin aja dulu masalah2 dasar. baru deh bacot masalah ai bla bla",meme tangga dilangkahin cocok gambar gaji guru rendah fasilitas jelek kompetensi guru skor pisa rendah tau ken nerapin teknologi resin dulu masalah dasar baru deh bacot masalah ai bla bla
Yg fikiran blum matang..jgn diajarin AI...ada bad effect..malas belajar nanti..dan dampak lainnya..,fikiran blum matang jgn diajarin ai bad effect malas ajar dampak lain
"emang gibran tahu apa ai?

emang bisa kodingnya gibran?",emang gibran tahu apa ai emang kodingnya gibran
"ibarat bangun rumah, belajar AI kek bikin atap. lah, fondasi aja blm bener, udh mau sok iye langsung AI.",ibarat bangun rumah ajar ai kek bikin atap lah fondasi blm bener udh mau sok iye langsung ai
"oh ai udh masuk kok ke pendidikan,noh temen gw make ai buat esai",ai udh masuk kok didik noh temen gw make ai esai
Kebelet AI biar dikira kerja,kebelet ai kira kerja
Negara Indonesia pakai manuaL aja tenaga manusia aja pekerjaan di indonesia,negara indonesia pakai manual tenaga manusia kerja indonesia
"PENERAPAN AI MENUNGGU FASILITAS,😂😅😂😅😂😅 Kocak banget, padahal hape orang tuanya ada wa dengan meta. ai.😂😅😂😅😂😅",terap ai tunggu fasilitas kocak banget padahal hape orang tua wa meta ai
wkwkkwkw... paling belajar promt doang..,wkwkkwkw paling ajar promt doang
Gurunya saja main tiktok. Apalagi Bu Guru Salsa.,guru main tiktok bu guru salsa
"IPK 2,3 ngomongin AI? Penghinaan!",ipk ngomongin ai hina
lag gurunya aja bnyak yg oon 😂😂😂,lag guru bnyak oon
"Wapres asal bunyi, riset dlu kek. Itu uang pesangon dr negara diapain??! Oiya bagi2 sembako n pencitraan",wapres asal bunyi riset dlu kek uang sangon dr negara diapain oiya sembako n citra
"Yang canangin juga gak tau AI...
Otak Kosoooong 😂😂😂😂😂",canangin tau ai otak kosoooong
"Karena AI itu modal nya mahal, harus beli GPU NVIDIA RTX HIGH END",ai modal nya mahal beli gpu nvidia rtx high end
"(AI) itu seperti politik jika disalahgunakan bisa merusak peradaban,, jika digunakan dengan baik akan membantu seluruh mahluk hidup di alam semesta,, ❤",ai politik disalahgunakan rusak adab guna baik bantu seluruh mahluk hidup alam semesta
"AI itu sama halnya api, bisa jadi kawan ataupun lawan, jadi ada manfaatnya, tapi dibalik manfaat itu ga dipungkiri klo AI jg bisa jadi senjata yg mematikan buat manusia meskipun ga secara harfiah, jadi sekedar saran mesti hati2 jg buat pake AI ini",ai sama hal api jadi kawan atau lawan jadi manfaat balik manfaat dipungkiri klo ai jg jadi senjata mati manusia meski harfiah jadi dar saran mesti hati jg ai
"Asalamualaikum habib, apakah boleh menjadi YouTuber dengan menyalakan adsense,saya bertanya ini,karena saya amati bnyk iklan YouTube yang tidak sesuai syariat islam",asalamualaikum habib jadi youtuber nyala adsense tanya amat bnyk iklan youtube sesuai syariat islam
